{"dID":47022,"playerDiags":21,"actionNodes":1,"startPoint":0,"loadTag":"","previewPanning":false,"autosave":true,"locEdit":false,"showSettings":true,"pd_isp_0":true,"pd_rect_0":[140,290],"pd_comSize_0":3,"pd_ID_0":1,"pd_pTag_0":"","pd_sprite_0":"","pd_expand_0":false,"pd_vars0":0,"pd_0_com_0iSet":0,"pd_0_com_0oAns":9,"pd_0_com_0oAct":-1,"pd_0_com_0text":"Hello, Laura.","pd_0_com_0extraD":"","pd_0_com_0showmore":false,"pd_0_com_0visible":true,"pd_0_com_0audio":"","pd_0_com_0sprite":"","pd_0_com_1iSet":0,"pd_0_com_1oAns":13,"pd_0_com_1oAct":-1,"pd_0_com_1text":"Sup?","pd_0_com_1extraD":"","pd_0_com_1showmore":false,"pd_0_com_1visible":true,"pd_0_com_1audio":"","pd_0_com_1sprite":"","pd_0_com_2iSet":0,"pd_0_com_2oAns":14,"pd_0_com_2oAct":-1,"pd_0_com_2text":"Where am I?","pd_0_com_2extraD":"","pd_0_com_2showmore":false,"pd_0_com_2visible":true,"pd_0_com_2audio":"","pd_0_com_2sprite":"","pd_isp_1":true,"pd_rect_1":[940,200],"pd_comSize_1":3,"pd_ID_1":3,"pd_pTag_1":"","pd_sprite_1":"","pd_expand_1":false,"pd_vars1":0,"pd_1_com_0iSet":1,"pd_1_com_0oAns":10,"pd_1_com_0oAct":-1,"pd_1_com_0text":"I am the Avatar. I know it all.","pd_1_com_0extraD":"","pd_1_com_0showmore":false,"pd_1_com_0visible":true,"pd_1_com_0audio":"","pd_1_com_0sprite":"","pd_1_com_1iSet":1,"pd_1_com_1oAns":11,"pd_1_com_1oAct":-1,"pd_1_com_1text":"I just guessed.","pd_1_com_1extraD":"","pd_1_com_1showmore":false,"pd_1_com_1visible":true,"pd_1_com_1audio":"","pd_1_com_1sprite":"","pd_1_com_2iSet":1,"pd_1_com_2oAns":12,"pd_1_com_2oAct":-1,"pd_1_com_2text":"I've always known who you are, Laura.","pd_1_com_2extraD":"","pd_1_com_2showmore":false,"pd_1_com_2visible":true,"pd_1_com_2audio":"","pd_1_com_2sprite":"","pd_isp_2":true,"pd_rect_2":[1740,40],"pd_comSize_2":2,"pd_ID_2":9,"pd_pTag_2":"","pd_sprite_2":"","pd_expand_2":false,"pd_vars2":0,"pd_2_com_0iSet":2,"pd_2_com_0oAns":16,"pd_2_com_0oAct":-1,"pd_2_com_0text":"I actually wanted to ask you that same thing...","pd_2_com_0extraD":"","pd_2_com_0showmore":false,"pd_2_com_0visible":true,"pd_2_com_0audio":"","pd_2_com_0sprite":"","pd_2_com_1iSet":2,"pd_2_com_1oAns":17,"pd_2_com_1oAct":-1,"pd_2_com_1text":"I've no idea, but the place is amazing.","pd_2_com_1extraD":"","pd_2_com_1showmore":false,"pd_2_com_1visible":true,"pd_2_com_1audio":"","pd_2_com_1sprite":"","pd_isp_3":true,"pd_rect_3":[1750,270],"pd_comSize_3":2,"pd_ID_3":10,"pd_pTag_3":"","pd_sprite_3":"","pd_expand_3":false,"pd_vars3":0,"pd_3_com_0iSet":3,"pd_3_com_0oAns":20,"pd_3_com_0oAct":-1,"pd_3_com_0text":"Thanks!","pd_3_com_0extraD":"","pd_3_com_0showmore":false,"pd_3_com_0visible":true,"pd_3_com_0audio":"","pd_3_com_0sprite":"","pd_3_com_1iSet":3,"pd_3_com_1oAns":15,"pd_3_com_1oAct":-1,"pd_3_com_1text":"Anyway, gotta go...","pd_3_com_1extraD":"","pd_3_com_1showmore":false,"pd_3_com_1visible":true,"pd_3_com_1audio":"","pd_3_com_1sprite":"","pd_isp_4":true,"pd_rect_4":[880,440],"pd_comSize_4":2,"pd_ID_4":14,"pd_pTag_4":"","pd_sprite_4":"","pd_expand_4":false,"pd_vars4":0,"pd_4_com_0iSet":4,"pd_4_com_0oAns":13,"pd_4_com_0oAct":-1,"pd_4_com_0text":"Not much, you?","pd_4_com_0extraD":"","pd_4_com_0showmore":false,"pd_4_com_0visible":true,"pd_4_com_0audio":"","pd_4_com_0sprite":"","pd_4_com_1iSet":4,"pd_4_com_1oAns":14,"pd_4_com_1oAct":-1,"pd_4_com_1text":"Uh, do you know where we are?","pd_4_com_1extraD":"","pd_4_com_1showmore":false,"pd_4_com_1visible":true,"pd_4_com_1audio":"","pd_4_com_1sprite":"","pd_isp_5":true,"pd_rect_5":[1180,580],"pd_comSize_5":2,"pd_ID_5":15,"pd_pTag_5":"","pd_sprite_5":"","pd_expand_5":false,"pd_vars5":0,"pd_5_com_0iSet":5,"pd_5_com_0oAns":18,"pd_5_com_0oAct":-1,"pd_5_com_0text":"\"Always\"? How long have you been here?","pd_5_com_0extraD":"","pd_5_com_0showmore":false,"pd_5_com_0visible":true,"pd_5_com_0audio":"","pd_5_com_0sprite":"","pd_5_com_1iSet":5,"pd_5_com_1oAns":17,"pd_5_com_1oAct":-1,"pd_5_com_1text":"I wanna go home...","pd_5_com_1extraD":"","pd_5_com_1showmore":false,"pd_5_com_1visible":true,"pd_5_com_1audio":"","pd_5_com_1sprite":"","pd_isp_6":true,"pd_rect_6":[1950,420],"pd_comSize_6":2,"pd_ID_6":18,"pd_pTag_6":"","pd_sprite_6":"","pd_expand_6":false,"pd_vars6":0,"pd_6_com_0iSet":6,"pd_6_com_0oAns":19,"pd_6_com_0oAct":-1,"pd_6_com_0text":"What?! Oh no...","pd_6_com_0extraD":"","pd_6_com_0showmore":false,"pd_6_com_0visible":true,"pd_6_com_0audio":"","pd_6_com_0sprite":"","pd_6_com_1iSet":6,"pd_6_com_1oAns":15,"pd_6_com_1oAct":-1,"pd_6_com_1text":"Err... ok bye.","pd_6_com_1extraD":"","pd_6_com_1showmore":false,"pd_6_com_1visible":true,"pd_6_com_1audio":"","pd_6_com_1sprite":"","pd_isp_7":true,"pd_rect_7":[2080,600],"pd_comSize_7":2,"pd_ID_7":20,"pd_pTag_7":"","pd_sprite_7":"","pd_expand_7":false,"pd_vars7":0,"pd_7_com_0iSet":7,"pd_7_com_0oAns":15,"pd_7_com_0oAct":-1,"pd_7_com_0text":"I dunno...","pd_7_com_0extraD":"","pd_7_com_0showmore":false,"pd_7_com_0visible":true,"pd_7_com_0audio":"","pd_7_com_0sprite":"","pd_7_com_1iSet":7,"pd_7_com_1oAns":17,"pd_7_com_1oAct":-1,"pd_7_com_1text":"I wanna go home...","pd_7_com_1extraD":"","pd_7_com_1showmore":false,"pd_7_com_1visible":true,"pd_7_com_1audio":"","pd_7_com_1sprite":"","pd_isp_8":false,"pd_rect_8":[-250,360],"pd_comSize_8":1,"pd_ID_8":0,"pd_pTag_8":"Laura","pd_sprite_8":"","pd_expand_8":false,"pd_vars8":0,"pd_8_com_0iSet":-1,"pd_8_com_0oAns":0,"pd_8_com_0oAct":-1,"pd_8_com_0text":"Hello!","pd_8_com_0extraD":"ExtraData","pd_8_com_0showmore":true,"pd_8_com_0visible":true,"pd_8_com_0audio":"","pd_8_com_0sprite":"","pd_isp_9":false,"pd_rect_9":[460,90],"pd_comSize_9":1,"pd_ID_9":2,"pd_pTag_9":"Laura","pd_sprite_9":"","pd_expand_9":false,"pd_vars9":0,"pd_9_com_0iSet":-1,"pd_9_com_0oAns":1,"pd_9_com_0oAct":-1,"pd_9_com_0text":"OMG how do you know my name?","pd_9_com_0extraD":"ExtraData","pd_9_com_0showmore":false,"pd_9_com_0visible":true,"pd_9_com_0audio":"","pd_9_com_0sprite":"","pd_isp_10":false,"pd_rect_10":[1340,50],"pd_comSize_10":3,"pd_ID_10":4,"pd_pTag_10":"Laura","pd_sprite_10":"","pd_expand_10":false,"pd_vars10":0,"pd_10_com_0iSet":-1,"pd_10_com_0oAns":2,"pd_10_com_0oAct":-1,"pd_10_com_0text":"Right...","pd_10_com_0extraD":"ExtraData","pd_10_com_0showmore":false,"pd_10_com_0visible":true,"pd_10_com_0audio":"","pd_10_com_0sprite":"","pd_10_com_1iSet":-1,"pd_10_com_1oAns":-1,"pd_10_com_1oAct":-1,"pd_10_com_1text":"So...","pd_10_com_1extraD":"ExtraData","pd_10_com_1showmore":false,"pd_10_com_1visible":true,"pd_10_com_1audio":"","pd_10_com_1sprite":"","pd_10_com_2iSet":-1,"pd_10_com_2oAns":-1,"pd_10_com_2oAct":-1,"pd_10_com_2text":"Do you know where we are?","pd_10_com_2extraD":"ExtraData","pd_10_com_2showmore":false,"pd_10_com_2visible":true,"pd_10_com_2audio":"","pd_10_com_2sprite":"","pd_isp_11":false,"pd_rect_11":[1360,220],"pd_comSize_11":1,"pd_ID_11":5,"pd_pTag_11":"Laura","pd_sprite_11":"","pd_expand_11":false,"pd_vars11":0,"pd_11_com_0iSet":-1,"pd_11_com_0oAns":3,"pd_11_com_0oAct":-1,"pd_11_com_0text":"Good guess, then!","pd_11_com_0extraD":"ExtraData","pd_11_com_0showmore":false,"pd_11_com_0visible":true,"pd_11_com_0audio":"","pd_11_com_0sprite":"","pd_isp_12":false,"pd_rect_12":[1360,370],"pd_comSize_12":2,"pd_ID_12":6,"pd_pTag_12":"Laura","pd_sprite_12":"","pd_expand_12":false,"pd_vars12":0,"pd_12_com_0iSet":-1,"pd_12_com_0oAns":-1,"pd_12_com_0oAct":-1,"pd_12_com_0text":"Omg, stop!","pd_12_com_0extraD":"ExtraData","pd_12_com_0showmore":false,"pd_12_com_0visible":true,"pd_12_com_0audio":"","pd_12_com_0sprite":"","pd_12_com_1iSet":-1,"pd_12_com_1oAns":-1,"pd_12_com_1oAct":-1,"pd_12_com_1text":"Go away!","pd_12_com_1extraD":"ExtraData","pd_12_com_1showmore":false,"pd_12_com_1visible":true,"pd_12_com_1audio":"","pd_12_com_1sprite":"","pd_isp_13":false,"pd_rect_13":[600,280],"pd_comSize_13":1,"pd_ID_13":7,"pd_pTag_13":"Laura","pd_sprite_13":"","pd_expand_13":false,"pd_vars13":0,"pd_13_com_0iSet":-1,"pd_13_com_0oAns":4,"pd_13_com_0oAct":-1,"pd_13_com_0text":"Not much, you?","pd_13_com_0extraD":"ExtraData","pd_13_com_0showmore":false,"pd_13_com_0visible":true,"pd_13_com_0audio":"","pd_13_com_0sprite":"","pd_isp_14":false,"pd_rect_14":[780,650],"pd_comSize_14":1,"pd_ID_14":8,"pd_pTag_14":"Laura","pd_sprite_14":"","pd_expand_14":false,"pd_vars14":0,"pd_14_com_0iSet":-1,"pd_14_com_0oAns":5,"pd_14_com_0oAct":-1,"pd_14_com_0text":"I've always wondered the same thing...","pd_14_com_0extraD":"ExtraData","pd_14_com_0showmore":false,"pd_14_com_0visible":true,"pd_14_com_0audio":"","pd_14_com_0sprite":"","pd_isp_15":false,"pd_rect_15":[2560,440],"pd_comSize_15":1,"pd_ID_15":11,"pd_pTag_15":"Laura","pd_sprite_15":"","pd_expand_15":false,"pd_vars15":0,"pd_15_com_0iSet":-1,"pd_15_com_0oAns":-1,"pd_15_com_0oAct":-1,"pd_15_com_0text":"Oh, okay. See ya.","pd_15_com_0extraD":"ExtraData","pd_15_com_0showmore":false,"pd_15_com_0visible":true,"pd_15_com_0audio":"","pd_15_com_0sprite":"","pd_isp_16":false,"pd_rect_16":[2150,30],"pd_comSize_16":1,"pd_ID_16":12,"pd_pTag_16":"Laura","pd_sprite_16":"","pd_expand_16":false,"pd_vars16":0,"pd_16_com_0iSet":-1,"pd_16_com_0oAns":-1,"pd_16_com_0oAct":-1,"pd_16_com_0text":"Charlie is the oldest here. He might know.","pd_16_com_0extraD":"ExtraData","pd_16_com_0showmore":false,"pd_16_com_0visible":true,"pd_16_com_0audio":"","pd_16_com_0sprite":"","pd_isp_17":false,"pd_rect_17":[1690,620],"pd_comSize_17":1,"pd_ID_17":16,"pd_pTag_17":"Laura","pd_sprite_17":"","pd_expand_17":false,"pd_vars17":0,"pd_17_com_0iSet":-1,"pd_17_com_0oAns":-1,"pd_17_com_0oAct":0,"pd_17_com_0text":"This is your home now.","pd_17_com_0extraD":"ExtraData","pd_17_com_0showmore":false,"pd_17_com_0visible":true,"pd_17_com_0audio":"","pd_17_com_0sprite":"","pd_isp_18":false,"pd_rect_18":[1580,500],"pd_comSize_18":1,"pd_ID_18":17,"pd_pTag_18":"Laura","pd_sprite_18":"","pd_expand_18":false,"pd_vars18":0,"pd_18_com_0iSet":-1,"pd_18_com_0oAns":6,"pd_18_com_0oAct":-1,"pd_18_com_0text":"Eh.. around 20,000 years. ","pd_18_com_0extraD":"ExtraData","pd_18_com_0showmore":false,"pd_18_com_0visible":true,"pd_18_com_0audio":"","pd_18_com_0sprite":"","pd_isp_19":false,"pd_rect_19":[2350,290],"pd_comSize_19":1,"pd_ID_19":19,"pd_pTag_19":"Laura","pd_sprite_19":"","pd_expand_19":false,"pd_vars19":0,"pd_19_com_0iSet":-1,"pd_19_com_0oAns":7,"pd_19_com_0oAct":-1,"pd_19_com_0text":"Oh no, what?","pd_19_com_0extraD":"ExtraData","pd_19_com_0showmore":false,"pd_19_com_0visible":true,"pd_19_com_0audio":"","pd_19_com_0sprite":"","pd_isp_20":false,"pd_rect_20":[2240,140],"pd_comSize_20":2,"pd_ID_20":13,"pd_pTag_20":"Laura","pd_sprite_20":"","pd_expand_20":false,"pd_vars20":0,"pd_20_com_0iSet":-1,"pd_20_com_0oAns":-1,"pd_20_com_0oAct":-1,"pd_20_com_0text":"Yeeeeeah...","pd_20_com_0extraD":"ExtraData","pd_20_com_0showmore":false,"pd_20_com_0visible":true,"pd_20_com_0audio":"","pd_20_com_0sprite":"","pd_20_com_1iSet":-1,"pd_20_com_1oAns":-1,"pd_20_com_1oAct":-1,"pd_20_com_1text":"See ya!","pd_20_com_1extraD":"ExtraData","pd_20_com_1showmore":false,"pd_20_com_1visible":true,"pd_20_com_1audio":"","pd_20_com_1sprite":"","ac_rect_0":[1760,750],"ac_ID_0":21,"ac_pause_0":false,"ac_goName_0":"[No object]","ac_nIndex_0":0,"ac_goto_0":-1,"ac_optsCount_0":1,"ac_opts_0_0":"[No method]","ac_namesCount_0":1,"ac_names_0_0":"[No object]","ac_methCount_0":0,"ac_meth_0":"[No method]","ac_paramT_0":-1,"ac_methIndex_0":0,"ac_pString_0":null,"ac_pBool_0":false,"ac_pInt_0":0,"ac_pFloat_0":0,"ac_oSet_0":-1,"ac_oAct_0":-1,"ac_ovrStartNode_0":16,"ac_renameDialogue_0":"","ac_more_0":true}