{"dID":12223,"playerDiags":5,"actionNodes":2,"startPoint":0,"loadTag":"","previewPanning":false,"autosave":true,"locEdit":false,"showSettings":true,"pd_isp_0":true,"pd_rect_0":[240,160],"pd_comSize_0":2,"pd_ID_0":1,"pd_pTag_0":"","pd_sprite_0":"","pd_expand_0":false,"pd_vars0":0,"pd_0_com_0iSet":0,"pd_0_com_0oAns":-1,"pd_0_com_0oAct":0,"pd_0_com_0text":".... Okay....","pd_0_com_0extraD":"","pd_0_com_0showmore":false,"pd_0_com_0visible":true,"pd_0_com_0audio":"","pd_0_com_0sprite":"","pd_0_com_1iSet":0,"pd_0_com_1oAns":2,"pd_0_com_1oAct":-1,"pd_0_com_1text":"Who are you again?","pd_0_com_1extraD":"","pd_0_com_1showmore":false,"pd_0_com_1visible":true,"pd_0_com_1audio":"","pd_0_com_1sprite":"","pd_isp_1":true,"pd_rect_1":[570,400],"pd_comSize_1":2,"pd_ID_1":4,"pd_pTag_1":"","pd_sprite_1":"","pd_expand_1":true,"pd_vars1":1,"pd_var_1_0":"","pd_varKey_1_0":"Key1","pd_1_com_0iSet":1,"pd_1_com_0oAns":-1,"pd_1_com_0oAct":1,"pd_1_com_0text":"...","pd_1_com_0extraD":"","pd_1_com_0showmore":false,"pd_1_com_0visible":true,"pd_1_com_0audio":"","pd_1_com_0sprite":"","pd_1_com_1iSet":1,"pd_1_com_1oAns":-1,"pd_1_com_1oAct":-1,"pd_1_com_1text":"[Leave]","pd_1_com_1extraD":"","pd_1_com_1showmore":false,"pd_1_com_1visible":true,"pd_1_com_1audio":"","pd_1_com_1sprite":"","pd_isp_2":false,"pd_rect_2":[170,360],"pd_comSize_2":1,"pd_ID_2":0,"pd_pTag_2":"","pd_sprite_2":"","pd_expand_2":false,"pd_vars2":1,"pd_var_2_0":"","pd_varKey_2_0":"Key1","pd_2_com_0iSet":2,"pd_2_com_0oAns":0,"pd_2_com_0oAct":-1,"pd_2_com_0text":"I AM MR.CUBE","pd_2_com_0extraD":"ExtraData","pd_2_com_0showmore":true,"pd_2_com_0visible":true,"pd_2_com_0audio":"","pd_2_com_0sprite":"","pd_isp_3":false,"pd_rect_3":[180,520],"pd_comSize_3":1,"pd_ID_3":3,"pd_pTag_3":"","pd_sprite_3":"","pd_expand_3":false,"pd_vars3":0,"pd_3_com_0iSet":3,"pd_3_com_0oAns":1,"pd_3_com_0oAct":-1,"pd_3_com_0text":"I WAS PROMISED COOKIES","pd_3_com_0extraD":"ExtraData","pd_3_com_0showmore":false,"pd_3_com_0visible":true,"pd_3_com_0audio":"","pd_3_com_0sprite":"","pd_isp_4":false,"pd_rect_4":[970,630],"pd_comSize_4":1,"pd_ID_4":6,"pd_pTag_4":"","pd_sprite_4":"","pd_expand_4":false,"pd_vars4":0,"pd_4_com_0iSet":4,"pd_4_com_0oAns":-1,"pd_4_com_0oAct":-1,"pd_4_com_0text":"DON'T LEAVE ME","pd_4_com_0extraD":"ExtraData","pd_4_com_0showmore":false,"pd_4_com_0visible":true,"pd_4_com_0audio":"","pd_4_com_0sprite":"","ac_rect_0":[720,100],"ac_ID_0":2,"ac_pause_0":false,"ac_goName_0":"[No object]","ac_nIndex_0":0,"ac_goto_0":-1,"ac_optsCount_0":1,"ac_opts_0_0":"[No method]","ac_namesCount_0":1,"ac_names_0_0":"[No object]","ac_methCount_0":0,"ac_meth_0":"[No method]","ac_paramT_0":-1,"ac_methIndex_0":0,"ac_pString_0":"","ac_pBool_0":false,"ac_pInt_0":0,"ac_pFloat_0":0,"ac_oSet_0":-1,"ac_oAct_0":-1,"ac_ovrStartNode_0":3,"ac_renameDialogue_0":"MrMadCube","ac_more_0":true,"ac_rect_1":[970,100],"ac_ID_1":5,"ac_pause_1":true,"ac_goName_1":"[No object]","ac_nIndex_1":0,"ac_goto_1":-1,"ac_optsCount_1":1,"ac_opts_0_1":"[No method]","ac_namesCount_1":1,"ac_names_0_1":"[No object]","ac_methCount_1":0,"ac_meth_1":"[No method]","ac_paramT_1":-1,"ac_methIndex_1":0,"ac_pString_1":"","ac_pBool_1":false,"ac_pInt_1":0,"ac_pFloat_1":0,"ac_oSet_1":-1,"ac_oAct_1":-1,"ac_ovrStartNode_1":0,"ac_renameDialogue_1":"MrCube","ac_more_1":true}