{"dID":28588,"playerDiags":8,"actionNodes":0,"startPoint":0,"loadTag":"","previewPanning":false,"autosave":true,"locEdit":false,"showSettings":false,"pd_isp_0":false,"pd_rect_0":[30,340],"pd_comSize_0":1,"pd_ID_0":0,"pd_pTag_0":"Josh","pd_sprite_0":"","pd_expand_0":false,"pd_vars0":0,"pd_0_com_0iSet":-1,"pd_0_com_0oAns":1,"pd_0_com_0oAct":-1,"pd_0_com_0text":"Ugh... so bored here.","pd_0_com_0extraD":"ExtraData","pd_0_com_0showmore":true,"pd_0_com_0visible":true,"pd_0_com_0audio":"","pd_0_com_0sprite":"","pd_isp_1":false,"pd_rect_1":[430,220],"pd_comSize_1":2,"pd_ID_1":1,"pd_pTag_1":"Sophie","pd_sprite_1":"Assets/VIDE/Data/Resources/Sprites/Capsule_Sophie.jpg","pd_expand_1":true,"pd_vars1":0,"pd_1_com_0iSet":-1,"pd_1_com_0oAns":2,"pd_1_com_0oAct":-1,"pd_1_com_0text":"What?","pd_1_com_0extraD":"ExtraData","pd_1_com_0showmore":false,"pd_1_com_0visible":true,"pd_1_com_0audio":"","pd_1_com_0sprite":"","pd_1_com_1iSet":-1,"pd_1_com_1oAns":-1,"pd_1_com_1oAct":-1,"pd_1_com_1text":"I thought you said you were having fun!","pd_1_com_1extraD":"ExtraData","pd_1_com_1showmore":false,"pd_1_com_1visible":true,"pd_1_com_1audio":"","pd_1_com_1sprite":"","pd_isp_2":false,"pd_rect_2":[790,230],"pd_comSize_2":2,"pd_ID_2":3,"pd_pTag_2":"Josh","pd_sprite_2":"","pd_expand_2":false,"pd_vars2":0,"pd_2_com_0iSet":-1,"pd_2_com_0oAns":3,"pd_2_com_0oAct":-1,"pd_2_com_0text":"*sigh*","pd_2_com_0extraD":"ExtraData","pd_2_com_0showmore":false,"pd_2_com_0visible":true,"pd_2_com_0audio":"","pd_2_com_0sprite":"","pd_2_com_1iSet":-1,"pd_2_com_1oAns":-1,"pd_2_com_1oAct":-1,"pd_2_com_1text":"I was, sweetheart. The first 5 minutes I was, but this whole experience has gone dull.","pd_2_com_1extraD":"ExtraData","pd_2_com_1showmore":false,"pd_2_com_1visible":true,"pd_2_com_1audio":"","pd_2_com_1sprite":"","pd_isp_3":false,"pd_rect_3":[1180,260],"pd_comSize_3":1,"pd_ID_3":2,"pd_pTag_3":"Sophie","pd_sprite_3":"Assets/VIDE/Data/Resources/Sprites/Capsule_Sophie.jpg","pd_expand_3":true,"pd_vars3":0,"pd_3_com_0iSet":-1,"pd_3_com_0oAns":4,"pd_3_com_0oAct":-1,"pd_3_com_0text":"Maybe we shouldn't have accepted the invitation to come here. ","pd_3_com_0extraD":"ExtraData","pd_3_com_0showmore":false,"pd_3_com_0visible":true,"pd_3_com_0audio":"","pd_3_com_0sprite":"","pd_isp_4":false,"pd_rect_4":[1550,300],"pd_comSize_4":1,"pd_ID_4":4,"pd_pTag_4":"Josh","pd_sprite_4":"","pd_expand_4":false,"pd_vars4":0,"pd_4_com_0iSet":-1,"pd_4_com_0oAns":-1,"pd_4_com_0oAct":-1,"pd_4_com_0text":"Maybe.","pd_4_com_0extraD":"ExtraData","pd_4_com_0showmore":false,"pd_4_com_0visible":true,"pd_4_com_0audio":"","pd_4_com_0sprite":"","pd_isp_5":false,"pd_rect_5":[70,560],"pd_comSize_5":1,"pd_ID_5":5,"pd_pTag_5":"Sophie","pd_sprite_5":"","pd_expand_5":false,"pd_vars5":0,"pd_5_com_0iSet":-1,"pd_5_com_0oAns":6,"pd_5_com_0oAct":-1,"pd_5_com_0text":"Not so long ago we got an invitation from a stranger to this... \"party\".","pd_5_com_0extraD":"ExtraData","pd_5_com_0showmore":false,"pd_5_com_0visible":true,"pd_5_com_0audio":"","pd_5_com_0sprite":"","pd_isp_6":false,"pd_rect_6":[490,480],"pd_comSize_6":1,"pd_ID_6":6,"pd_pTag_6":"Josh","pd_sprite_6":"Assets/VIDE/Data/Resources/Sprites/Capsule_Josh.jpg","pd_expand_6":true,"pd_vars6":0,"pd_6_com_0iSet":-1,"pd_6_com_0oAns":7,"pd_6_com_0oAct":-1,"pd_6_com_0text":"Not a party. At all.","pd_6_com_0extraD":"ExtraData","pd_6_com_0showmore":false,"pd_6_com_0visible":true,"pd_6_com_0audio":"","pd_6_com_0sprite":"","pd_isp_7":false,"pd_rect_7":[890,470],"pd_comSize_7":4,"pd_ID_7":7,"pd_pTag_7":"Sophie","pd_sprite_7":"","pd_expand_7":false,"pd_vars7":0,"pd_7_com_0iSet":-1,"pd_7_com_0oAns":-1,"pd_7_com_0oAct":-1,"pd_7_com_0text":"I think everyone here was tricked the same way.","pd_7_com_0extraD":"ExtraData","pd_7_com_0showmore":false,"pd_7_com_0visible":true,"pd_7_com_0audio":"","pd_7_com_0sprite":"","pd_7_com_1iSet":-1,"pd_7_com_1oAns":-1,"pd_7_com_1oAct":-1,"pd_7_com_1text":"I don't know how this was possible.","pd_7_com_1extraD":"ExtraData","pd_7_com_1showmore":false,"pd_7_com_1visible":true,"pd_7_com_1audio":"","pd_7_com_1sprite":"","pd_7_com_2iSet":-1,"pd_7_com_2oAns":-1,"pd_7_com_2oAct":-1,"pd_7_com_2text":"We don't even know how we got here.","pd_7_com_2extraD":"ExtraData","pd_7_com_2showmore":false,"pd_7_com_2visible":true,"pd_7_com_2audio":"","pd_7_com_2sprite":"","pd_7_com_3iSet":-1,"pd_7_com_3oAns":-1,"pd_7_com_3oAct":-1,"pd_7_com_3text":"I don't think we'll ever be able to go back.","pd_7_com_3extraD":"ExtraData","pd_7_com_3showmore":false,"pd_7_com_3visible":true,"pd_7_com_3audio":"","pd_7_com_3sprite":""}