{"dID":60771,"playerDiags":15,"actionNodes":5,"startPoint":0,"loadTag":"","previewPanning":false,"autosave":true,"locEdit":false,"showSettings":true,"pd_isp_0":true,"pd_rect_0":[80,230],"pd_comSize_0":3,"pd_ID_0":0,"pd_pTag_0":"","pd_sprite_0":"","pd_expand_0":true,"pd_vars0":0,"pd_0_com_0iSet":0,"pd_0_com_0oAns":7,"pd_0_com_0oAct":-1,"pd_0_com_0text":"And who are you?","pd_0_com_0extraD":"","pd_0_com_0showmore":false,"pd_0_com_0visible":true,"pd_0_com_0audio":"","pd_0_com_0sprite":"","pd_0_com_1iSet":0,"pd_0_com_1oAns":-1,"pd_0_com_1oAct":-1,"pd_0_com_1text":"GET ME OUT OF HERE.","pd_0_com_1extraD":"","pd_0_com_1showmore":false,"pd_0_com_1visible":true,"pd_0_com_1audio":"","pd_0_com_1sprite":"","pd_0_com_2iSet":0,"pd_0_com_2oAns":-1,"pd_0_com_2oAct":-1,"pd_0_com_2text":"[Leave]","pd_0_com_2extraD":"","pd_0_com_2showmore":false,"pd_0_com_2visible":true,"pd_0_com_2audio":"","pd_0_com_2sprite":"","pd_isp_1":true,"pd_rect_1":[870,20],"pd_comSize_1":3,"pd_ID_1":3,"pd_pTag_1":"","pd_sprite_1":"","pd_expand_1":false,"pd_vars1":0,"pd_1_com_0iSet":1,"pd_1_com_0oAns":9,"pd_1_com_0oAct":-1,"pd_1_com_0text":"Uh... Sure!","pd_1_com_0extraD":"","pd_1_com_0showmore":false,"pd_1_com_0visible":true,"pd_1_com_0audio":"","pd_1_com_0sprite":"","pd_1_com_1iSet":1,"pd_1_com_1oAns":8,"pd_1_com_1oAct":-1,"pd_1_com_1text":"No. You suck.","pd_1_com_1extraD":"","pd_1_com_1showmore":false,"pd_1_com_1visible":true,"pd_1_com_1audio":"","pd_1_com_1sprite":"","pd_1_com_2iSet":1,"pd_1_com_2oAns":-1,"pd_1_com_2oAct":-1,"pd_1_com_2text":"No. Bye. [Leave]","pd_1_com_2extraD":"","pd_1_com_2showmore":false,"pd_1_com_2visible":true,"pd_1_com_2audio":"","pd_1_com_2sprite":"","pd_isp_2":true,"pd_rect_2":[1680,50],"pd_comSize_2":3,"pd_ID_2":5,"pd_pTag_2":"","pd_sprite_2":"","pd_expand_2":false,"pd_vars2":0,"pd_2_com_0iSet":2,"pd_2_com_0oAns":-1,"pd_2_com_0oAct":0,"pd_2_com_0text":"Move!","pd_2_com_0extraD":"","pd_2_com_0showmore":false,"pd_2_com_0visible":true,"pd_2_com_0audio":"","pd_2_com_0sprite":"","pd_2_com_1iSet":2,"pd_2_com_1oAns":-1,"pd_2_com_1oAct":1,"pd_2_com_1text":"Change color!","pd_2_com_1extraD":"","pd_2_com_1showmore":false,"pd_2_com_1visible":true,"pd_2_com_1audio":"","pd_2_com_1sprite":"","pd_2_com_2iSet":2,"pd_2_com_2oAns":-1,"pd_2_com_2oAct":-1,"pd_2_com_2text":"Nevermind... [Leave]","pd_2_com_2extraD":"","pd_2_com_2showmore":false,"pd_2_com_2visible":true,"pd_2_com_2audio":"","pd_2_com_2sprite":"","pd_isp_3":true,"pd_rect_3":[1210,280],"pd_comSize_3":2,"pd_ID_3":9,"pd_pTag_3":"","pd_sprite_3":"","pd_expand_3":false,"pd_vars3":0,"pd_3_com_0iSet":3,"pd_3_com_0oAns":11,"pd_3_com_0oAct":-1,"pd_3_com_0text":"OMG!","pd_3_com_0extraD":"","pd_3_com_0showmore":false,"pd_3_com_0visible":true,"pd_3_com_0audio":"","pd_3_com_0sprite":"","pd_3_com_1iSet":3,"pd_3_com_1oAns":11,"pd_3_com_1oAct":-1,"pd_3_com_1text":"Hello?","pd_3_com_1extraD":"","pd_3_com_1showmore":false,"pd_3_com_1visible":true,"pd_3_com_1audio":"","pd_3_com_1sprite":"","pd_isp_4":true,"pd_rect_4":[80,510],"pd_comSize_4":1,"pd_ID_4":10,"pd_pTag_4":"","pd_sprite_4":"","pd_expand_4":false,"pd_vars4":0,"pd_4_com_0iSet":4,"pd_4_com_0oAns":-1,"pd_4_com_0oAct":3,"pd_4_com_0text":"I know you're still here...","pd_4_com_0extraD":"","pd_4_com_0showmore":false,"pd_4_com_0visible":true,"pd_4_com_0audio":"","pd_4_com_0sprite":"","pd_isp_5":true,"pd_rect_5":[2430,-10],"pd_comSize_5":1,"pd_ID_5":13,"pd_pTag_5":"","pd_sprite_5":"","pd_expand_5":false,"pd_vars5":0,"pd_5_com_0iSet":5,"pd_5_com_0oAns":-1,"pd_5_com_0oAct":4,"pd_5_com_0text":"Niiiice!","pd_5_com_0extraD":"","pd_5_com_0showmore":false,"pd_5_com_0visible":true,"pd_5_com_0audio":"","pd_5_com_0sprite":"","pd_isp_6":true,"pd_rect_6":[490,670],"pd_comSize_6":3,"pd_ID_6":17,"pd_pTag_6":"","pd_sprite_6":"","pd_expand_6":false,"pd_vars6":0,"pd_6_com_0iSet":6,"pd_6_com_0oAns":9,"pd_6_com_0oAct":-1,"pd_6_com_0text":"MOAR MAGIC!","pd_6_com_0extraD":"","pd_6_com_0showmore":false,"pd_6_com_0visible":true,"pd_6_com_0audio":"","pd_6_com_0sprite":"","pd_6_com_1iSet":6,"pd_6_com_1oAns":8,"pd_6_com_1oAct":-1,"pd_6_com_1text":"You're new!\t","pd_6_com_1extraD":"","pd_6_com_1showmore":false,"pd_6_com_1visible":true,"pd_6_com_1audio":"","pd_6_com_1sprite":"","pd_6_com_2iSet":6,"pd_6_com_2oAns":-1,"pd_6_com_2oAct":-1,"pd_6_com_2text":"Nothing. Bye!","pd_6_com_2extraD":"","pd_6_com_2showmore":false,"pd_6_com_2visible":true,"pd_6_com_2audio":"","pd_6_com_2sprite":"","pd_isp_7":false,"pd_rect_7":[470,120],"pd_comSize_7":3,"pd_ID_7":1,"pd_pTag_7":"???","pd_sprite_7":"","pd_expand_7":false,"pd_vars7":0,"pd_7_com_0iSet":7,"pd_7_com_0oAns":1,"pd_7_com_0oAct":-1,"pd_7_com_0text":".....the witch.","pd_7_com_0extraD":"ExtraData","pd_7_com_0showmore":false,"pd_7_com_0visible":true,"pd_7_com_0audio":"","pd_7_com_0sprite":"","pd_7_com_1iSet":7,"pd_7_com_1oAns":-1,"pd_7_com_1oAct":-1,"pd_7_com_1text":"...","pd_7_com_1extraD":"ExtraData","pd_7_com_1showmore":false,"pd_7_com_1visible":true,"pd_7_com_1audio":"","pd_7_com_1sprite":"","pd_7_com_2iSet":7,"pd_7_com_2oAns":-1,"pd_7_com_2oAct":-1,"pd_7_com_2text":"Wish to see my magic?","pd_7_com_2extraD":"ExtraData","pd_7_com_2showmore":false,"pd_7_com_2visible":true,"pd_7_com_2audio":"","pd_7_com_2sprite":"","pd_isp_8":false,"pd_rect_8":[520,330],"pd_comSize_8":1,"pd_ID_8":2,"pd_pTag_8":"","pd_sprite_8":"","pd_expand_8":false,"pd_vars8":0,"pd_8_com_0iSet":8,"pd_8_com_0oAns":-1,"pd_8_com_0oAct":2,"pd_8_com_0text":"...","pd_8_com_0extraD":"ExtraData","pd_8_com_0showmore":false,"pd_8_com_0visible":true,"pd_8_com_0audio":"","pd_8_com_0sprite":"","pd_isp_9":false,"pd_rect_9":[1310,60],"pd_comSize_9":1,"pd_ID_9":4,"pd_pTag_9":"","pd_sprite_9":"","pd_expand_9":false,"pd_vars9":0,"pd_9_com_0iSet":9,"pd_9_com_0oAns":2,"pd_9_com_0oAct":-1,"pd_9_com_0text":"What would you like to see?","pd_9_com_0extraD":"ExtraData","pd_9_com_0showmore":false,"pd_9_com_0visible":true,"pd_9_com_0audio":"","pd_9_com_0sprite":"","pd_isp_10":false,"pd_rect_10":[950,460],"pd_comSize_10":4,"pd_ID_10":11,"pd_pTag_10":"","pd_sprite_10":"","pd_expand_10":false,"pd_vars10":0,"pd_10_com_0iSet":10,"pd_10_com_0oAns":-1,"pd_10_com_0oAct":-1,"pd_10_com_0text":"...","pd_10_com_0extraD":"ExtraData","pd_10_com_0showmore":false,"pd_10_com_0visible":true,"pd_10_com_0audio":"","pd_10_com_0sprite":"","pd_10_com_1iSet":10,"pd_10_com_1oAns":-1,"pd_10_com_1oAct":-1,"pd_10_com_1text":"I've got no other choice but to erase your memory now.","pd_10_com_1extraD":"ExtraData","pd_10_com_1showmore":false,"pd_10_com_1visible":true,"pd_10_com_1audio":"","pd_10_com_1sprite":"","pd_10_com_2iSet":10,"pd_10_com_2oAns":-1,"pd_10_com_2oAct":-1,"pd_10_com_2text":"...","pd_10_com_2extraD":"ExtraData","pd_10_com_2showmore":false,"pd_10_com_2visible":true,"pd_10_com_2audio":"","pd_10_com_2sprite":"","pd_10_com_3iSet":10,"pd_10_com_3oAns":-1,"pd_10_com_3oAct":-1,"pd_10_com_3text":"YYYIIIAAA!!!","pd_10_com_3extraD":"ExtraData","pd_10_com_3showmore":false,"pd_10_com_3visible":true,"pd_10_com_3audio":"","pd_10_com_3sprite":"","pd_isp_11":false,"pd_rect_11":[1680,290],"pd_comSize_11":1,"pd_ID_11":14,"pd_pTag_11":"","pd_sprite_11":"","pd_expand_11":false,"pd_vars11":0,"pd_11_com_0iSet":11,"pd_11_com_0oAns":-1,"pd_11_com_0oAct":-1,"pd_11_com_0text":"...","pd_11_com_0extraD":"ExtraData","pd_11_com_0showmore":false,"pd_11_com_0visible":true,"pd_11_com_0audio":"","pd_11_com_0sprite":"","pd_isp_12":false,"pd_rect_12":[80,690],"pd_comSize_12":1,"pd_ID_12":16,"pd_pTag_12":"","pd_sprite_12":"","pd_expand_12":false,"pd_vars12":0,"pd_12_com_0iSet":12,"pd_12_com_0oAns":6,"pd_12_com_0oAct":-1,"pd_12_com_0text":"What now?","pd_12_com_0extraD":"ExtraData","pd_12_com_0showmore":false,"pd_12_com_0visible":true,"pd_12_com_0audio":"","pd_12_com_0sprite":"","pd_isp_13":false,"pd_rect_13":[2010,-310],"pd_comSize_13":1,"pd_ID_13":18,"pd_pTag_13":"","pd_sprite_13":"","pd_expand_13":false,"pd_vars13":0,"pd_13_com_0iSet":13,"pd_13_com_0oAns":14,"pd_13_com_0oAct":-1,"pd_13_com_0text":"What now?","pd_13_com_0extraD":"ExtraData","pd_13_com_0showmore":false,"pd_13_com_0visible":true,"pd_13_com_0audio":"","pd_13_com_0sprite":"","pd_isp_14":true,"pd_rect_14":[2420,-220],"pd_comSize_14":2,"pd_ID_14":19,"pd_pTag_14":"","pd_sprite_14":"","pd_expand_14":false,"pd_vars14":0,"pd_14_com_0iSet":14,"pd_14_com_0oAns":11,"pd_14_com_0oAct":-1,"pd_14_com_0text":"Hi.","pd_14_com_0extraD":"ExtraData","pd_14_com_0showmore":false,"pd_14_com_0visible":true,"pd_14_com_0audio":"","pd_14_com_0sprite":"","pd_14_com_1iSet":14,"pd_14_com_1oAns":-1,"pd_14_com_1oAct":-1,"pd_14_com_1text":"Nevermind.","pd_14_com_1extraD":"ExtraData","pd_14_com_1showmore":false,"pd_14_com_1visible":true,"pd_14_com_1audio":"","pd_14_com_1sprite":"","ac_rect_0":[2130,-150],"ac_ID_0":6,"ac_pause_0":false,"ac_goName_0":"NPC_Witch","ac_nIndex_0":5,"ac_goto_0":-1,"ac_optsCount_0":5,"ac_opts_0_0":"[No method]","ac_opts_1_0":"GetAssigned","ac_opts_2_0":"AssignNew","ac_opts_3_0":"ChangeColor","ac_opts_4_0":"Move","ac_namesCount_0":11,"ac_names_0_0":"[No object]","ac_names_1_0":"HelpText","ac_names_2_0":"NPC_CrazyCap","ac_names_3_0":"Canvas","ac_names_4_0":"Player","ac_names_5_0":"NPC_Witch","ac_names_6_0":"NPC_Couple2","ac_names_7_0":"NPC_Couple1","ac_names_8_0":"dialogueUI","ac_names_9_0":"NPC_Charlie","ac_names_10_0":"NPC_Laura","ac_methCount_0":0,"ac_meth_0":"Move","ac_paramT_0":0,"ac_methIndex_0":4,"ac_pString_0":"","ac_pBool_0":false,"ac_pInt_0":0,"ac_pFloat_0":0,"ac_oSet_0":-1,"ac_oAct_0":-1,"ac_ovrStartNode_0":16,"ac_renameDialogue_0":"","ac_more_0":false,"ac_rect_1":[2160,100],"ac_ID_1":7,"ac_pause_1":true,"ac_goName_1":"NPC_Witch","ac_nIndex_1":5,"ac_goto_1":-1,"ac_optsCount_1":5,"ac_opts_0_1":"[No method]","ac_opts_1_1":"GetAssigned","ac_opts_2_1":"AssignNew","ac_opts_3_1":"ChangeColor","ac_opts_4_1":"Move","ac_namesCount_1":11,"ac_names_0_1":"[No object]","ac_names_1_1":"HelpText","ac_names_2_1":"NPC_CrazyCap","ac_names_3_1":"Canvas","ac_names_4_1":"Player","ac_names_5_1":"NPC_Witch","ac_names_6_1":"NPC_Couple2","ac_names_7_1":"NPC_Couple1","ac_names_8_1":"dialogueUI","ac_names_9_1":"NPC_Charlie","ac_names_10_1":"NPC_Laura","ac_methCount_1":0,"ac_meth_1":"ChangeColor","ac_paramT_1":3,"ac_methIndex_1":3,"ac_pString_1":"","ac_pBool_1":false,"ac_pInt_1":4,"ac_pFloat_1":0,"ac_oSet_1":5,"ac_oAct_1":-1,"ac_ovrStartNode_1":-1,"ac_renameDialogue_1":"","ac_more_1":false,"ac_rect_2":[920,250],"ac_ID_2":8,"ac_pause_2":true,"ac_goName_2":"NPC_Witch","ac_nIndex_2":5,"ac_goto_2":-1,"ac_optsCount_2":6,"ac_opts_0_2":"[No method]","ac_opts_1_2":"GetAssigned","ac_opts_2_2":"AssignNew","ac_opts_3_2":"ChangeColor","ac_opts_4_2":"Move","ac_opts_5_2":"GoInvisible","ac_namesCount_2":11,"ac_names_0_2":"[No object]","ac_names_1_2":"HelpText","ac_names_2_2":"NPC_CrazyCap","ac_names_3_2":"Canvas","ac_names_4_2":"Player","ac_names_5_2":"NPC_Witch","ac_names_6_2":"NPC_Couple2","ac_names_7_2":"NPC_Couple1","ac_names_8_2":"dialogueUI","ac_names_9_2":"NPC_Charlie","ac_names_10_2":"NPC_Laura","ac_methCount_2":0,"ac_meth_2":"GoInvisible","ac_paramT_2":1,"ac_methIndex_2":5,"ac_pString_2":"","ac_pBool_2":false,"ac_pInt_2":0,"ac_pFloat_2":0,"ac_oSet_2":3,"ac_oAct_2":-1,"ac_ovrStartNode_2":-1,"ac_renameDialogue_2":"","ac_more_2":false,"ac_rect_3":[580,480],"ac_ID_3":12,"ac_pause_3":false,"ac_goName_3":"NPC_Witch","ac_nIndex_3":5,"ac_goto_3":-1,"ac_optsCount_3":6,"ac_opts_0_3":"[No method]","ac_opts_1_3":"GetAssigned","ac_opts_2_3":"AssignNew","ac_opts_3_3":"ChangeColor","ac_opts_4_3":"Move","ac_opts_5_3":"GoInvisible","ac_namesCount_3":11,"ac_names_0_3":"[No object]","ac_names_1_3":"HelpText","ac_names_2_3":"NPC_CrazyCap","ac_names_3_3":"Canvas","ac_names_4_3":"Player","ac_names_5_3":"NPC_Witch","ac_names_6_3":"NPC_Couple2","ac_names_7_3":"NPC_Couple1","ac_names_8_3":"dialogueUI","ac_names_9_3":"NPC_Charlie","ac_names_10_3":"NPC_Laura","ac_methCount_3":0,"ac_meth_3":"GoInvisible","ac_paramT_3":1,"ac_methIndex_3":5,"ac_pString_3":"","ac_pBool_3":true,"ac_pInt_3":0,"ac_pFloat_3":0,"ac_oSet_3":10,"ac_oAct_3":-1,"ac_ovrStartNode_3":-1,"ac_renameDialogue_3":"","ac_more_3":true,"ac_rect_4":[2890,0],"ac_ID_4":15,"ac_pause_4":true,"ac_goName_4":"NPC_Witch","ac_nIndex_4":1,"ac_goto_4":-1,"ac_optsCount_4":6,"ac_opts_0_4":"[No method]","ac_opts_1_4":"GetAssigned","ac_opts_2_4":"AssignNew","ac_opts_3_4":"ChangeColor","ac_opts_4_4":"Move","ac_opts_5_4":"GoInvisible","ac_namesCount_4":3,"ac_names_0_4":"[No object]","ac_names_1_4":"NPC_Witch","ac_names_2_4":"dialogueUI","ac_methCount_4":0,"ac_meth_4":"ChangeColor","ac_paramT_4":3,"ac_methIndex_4":3,"ac_pString_4":"","ac_pBool_4":false,"ac_pInt_4":0,"ac_pFloat_4":0,"ac_oSet_4":-1,"ac_oAct_4":-1,"ac_ovrStartNode_4":-1,"ac_renameDialogue_4":"","ac_more_4":false}