{"dID":79710,"playerDiags":19,"actionNodes":1,"startPoint":1,"loadTag":"","previewPanning":false,"autosave":true,"locEdit":false,"showSettings":true,"pd_isp_0":true,"pd_rect_0":[1240,-60],"pd_comSize_0":2,"pd_ID_0":5,"pd_pTag_0":"","pd_sprite_0":"","pd_expand_0":true,"pd_vars0":0,"pd_0_com_0iSet":0,"pd_0_com_0oAns":12,"pd_0_com_0oAct":-1,"pd_0_com_0text":"Chill out, man!","pd_0_com_0extraD":"","pd_0_com_0showmore":false,"pd_0_com_0visible":true,"pd_0_com_0audio":"","pd_0_com_0sprite":"","pd_0_com_1iSet":0,"pd_0_com_1oAns":13,"pd_0_com_1oAct":-1,"pd_0_com_1text":"What? What is this place?","pd_0_com_1extraD":"","pd_0_com_1showmore":false,"pd_0_com_1visible":true,"pd_0_com_1audio":"","pd_0_com_1sprite":"","pd_isp_1":true,"pd_rect_1":[1280,220],"pd_comSize_1":3,"pd_ID_1":6,"pd_pTag_1":"","pd_sprite_1":"Assets/VIDE/Data/Resources/Sprites/Blue_2.jpg","pd_expand_1":true,"pd_vars1":0,"pd_1_com_0iSet":1,"pd_1_com_0oAns":13,"pd_1_com_0oAct":-1,"pd_1_com_0text":"You shouldn't be here either\t","pd_1_com_0extraD":"","pd_1_com_0showmore":false,"pd_1_com_0visible":true,"pd_1_com_0audio":"","pd_1_com_0sprite":"","pd_1_com_1iSet":1,"pd_1_com_1oAns":10,"pd_1_com_1oAct":-1,"pd_1_com_1text":"I spawned here!","pd_1_com_1extraD":"","pd_1_com_1showmore":false,"pd_1_com_1visible":true,"pd_1_com_1audio":"","pd_1_com_1sprite":"","pd_1_com_2iSet":1,"pd_1_com_2oAns":9,"pd_1_com_2oAct":-1,"pd_1_com_2text":"Yes I should.","pd_1_com_2extraD":"","pd_1_com_2showmore":false,"pd_1_com_2visible":true,"pd_1_com_2audio":"","pd_1_com_2sprite":"","pd_isp_2":true,"pd_rect_2":[2190,390],"pd_comSize_2":2,"pd_ID_2":10,"pd_pTag_2":"","pd_sprite_2":"","pd_expand_2":false,"pd_vars2":0,"pd_2_com_0iSet":2,"pd_2_com_0oAns":11,"pd_2_com_0oAct":-1,"pd_2_com_0text":"(Ha- right....)","pd_2_com_0extraD":"","pd_2_com_0showmore":false,"pd_2_com_0visible":true,"pd_2_com_0audio":"","pd_2_com_0sprite":"","pd_2_com_1iSet":2,"pd_2_com_1oAns":-1,"pd_2_com_1oAct":-1,"pd_2_com_1text":"[Leave]","pd_2_com_1extraD":"","pd_2_com_1showmore":false,"pd_2_com_1visible":true,"pd_2_com_1audio":"","pd_2_com_1sprite":"","pd_isp_3":true,"pd_rect_3":[2190,20],"pd_comSize_3":2,"pd_ID_3":13,"pd_pTag_3":"","pd_sprite_3":"Assets/VIDE/Data/Resources/Sprites/Blue_2.jpg","pd_expand_3":true,"pd_vars3":0,"pd_3_com_0iSet":3,"pd_3_com_0oAns":15,"pd_3_com_0oAct":-1,"pd_3_com_0text":"Chiiiill.... ","pd_3_com_0extraD":"","pd_3_com_0showmore":false,"pd_3_com_0visible":true,"pd_3_com_0audio":"","pd_3_com_0sprite":"","pd_3_com_1iSet":3,"pd_3_com_1oAns":8,"pd_3_com_1oAct":-1,"pd_3_com_1text":"Ugh... bye.","pd_3_com_1extraD":"","pd_3_com_1showmore":false,"pd_3_com_1visible":true,"pd_3_com_1audio":"","pd_3_com_1sprite":"","pd_isp_4":true,"pd_rect_4":[-250,-20],"pd_comSize_4":3,"pd_ID_4":0,"pd_pTag_4":"","pd_sprite_4":"Assets/VIDE/Data/Resources/Sprites/Blue_2.jpg","pd_expand_4":false,"pd_vars4":1,"pd_var_4_0":"","pd_varKey_4_0":"Key1","pd_4_com_0iSet":4,"pd_4_com_0oAns":5,"pd_4_com_0oAct":-1,"pd_4_com_0text":"Woah WOAH","pd_4_com_0extraD":"","pd_4_com_0showmore":false,"pd_4_com_0visible":true,"pd_4_com_0audio":"","pd_4_com_0sprite":"","pd_4_com_1iSet":4,"pd_4_com_1oAns":6,"pd_4_com_1oAct":-1,"pd_4_com_1text":"N-no.. wait!","pd_4_com_1extraD":"","pd_4_com_1showmore":false,"pd_4_com_1visible":true,"pd_4_com_1audio":"","pd_4_com_1sprite":"","pd_4_com_2iSet":4,"pd_4_com_2oAns":7,"pd_4_com_2oAct":-1,"pd_4_com_2text":"...","pd_4_com_2extraD":"","pd_4_com_2showmore":false,"pd_4_com_2visible":true,"pd_4_com_2audio":"","pd_4_com_2sprite":"","pd_isp_5":false,"pd_rect_5":[760,-230],"pd_comSize_5":1,"pd_ID_5":2,"pd_pTag_5":"Charlie","pd_sprite_5":"","pd_expand_5":false,"pd_vars5":4,"pd_var_5_0":"SomeString","pd_varKey_5_0":"Key1","pd_var_5_1":"12354","pd_varKey_5_1":"Key2","pd_var_5_2":"false","pd_varKey_5_2":"Key3","pd_var_5_3":"1.52","pd_varKey_5_3":"Key4","pd_5_com_0iSet":5,"pd_5_com_0oAns":0,"pd_5_com_0oAct":-1,"pd_5_com_0text":"You're not getting out of here alive!","pd_5_com_0extraD":"ExtraData","pd_5_com_0showmore":false,"pd_5_com_0visible":true,"pd_5_com_0audio":"","pd_5_com_0sprite":"","pd_isp_6":false,"pd_rect_6":[780,-60],"pd_comSize_6":1,"pd_ID_6":3,"pd_pTag_6":"Charlie","pd_sprite_6":"","pd_expand_6":false,"pd_vars6":0,"pd_6_com_0iSet":6,"pd_6_com_0oAns":1,"pd_6_com_0oAct":-1,"pd_6_com_0text":"No, what? You shouldn't be here.","pd_6_com_0extraD":"ExtraData","pd_6_com_0showmore":false,"pd_6_com_0visible":true,"pd_6_com_0audio":"","pd_6_com_0sprite":"","pd_isp_7":false,"pd_rect_7":[770,110],"pd_comSize_7":1,"pd_ID_7":4,"pd_pTag_7":"Charlie","pd_sprite_7":"Assets/VIDE/Data/Resources/Sprites/Capsule_Angry.jpg","pd_expand_7":false,"pd_vars7":0,"pd_7_com_0iSet":7,"pd_7_com_0oAns":-1,"pd_7_com_0oAct":-1,"pd_7_com_0text":"That's it! Keep your intrusive mouth shut!","pd_7_com_0extraD":"ExtraData","pd_7_com_0showmore":false,"pd_7_com_0visible":true,"pd_7_com_0audio":"","pd_7_com_0sprite":"","pd_isp_8":false,"pd_rect_8":[2670,160],"pd_comSize_8":3,"pd_ID_8":7,"pd_pTag_8":"Charlie","pd_sprite_8":"","pd_expand_8":false,"pd_vars8":0,"pd_8_com_0iSet":8,"pd_8_com_0oAns":-1,"pd_8_com_0oAct":-1,"pd_8_com_0text":"You do that!","pd_8_com_0extraD":"ExtraData","pd_8_com_0showmore":false,"pd_8_com_0visible":true,"pd_8_com_0audio":"","pd_8_com_0sprite":"","pd_8_com_1iSet":8,"pd_8_com_1oAns":-1,"pd_8_com_1oAct":-1,"pd_8_com_1text":"I'm sick of these caps spawning wherever they please.","pd_8_com_1extraD":"ExtraData","pd_8_com_1showmore":false,"pd_8_com_1visible":true,"pd_8_com_1audio":"","pd_8_com_1sprite":"","pd_8_com_2iSet":8,"pd_8_com_2oAns":-1,"pd_8_com_2oAct":-1,"pd_8_com_2text":"Begone!","pd_8_com_2extraD":"ExtraData","pd_8_com_2showmore":false,"pd_8_com_2visible":true,"pd_8_com_2audio":"","pd_8_com_2sprite":"","pd_isp_9":false,"pd_rect_9":[1770,520],"pd_comSize_9":1,"pd_ID_9":8,"pd_pTag_9":"Charlie","pd_sprite_9":"","pd_expand_9":false,"pd_vars9":0,"pd_9_com_0iSet":9,"pd_9_com_0oAns":-1,"pd_9_com_0oAct":-1,"pd_9_com_0text":"No, you don't. That's but a filthy lie. Go away, kid.","pd_9_com_0extraD":"ExtraData","pd_9_com_0showmore":false,"pd_9_com_0visible":true,"pd_9_com_0audio":"","pd_9_com_0sprite":"","pd_isp_10":false,"pd_rect_10":[1770,340],"pd_comSize_10":1,"pd_ID_10":9,"pd_pTag_10":"Charlie","pd_sprite_10":"","pd_expand_10":false,"pd_vars10":0,"pd_10_com_0iSet":10,"pd_10_com_0oAns":2,"pd_10_com_0oAct":-1,"pd_10_com_0text":"I did as well! But I didn't go around bothering caps!","pd_10_com_0extraD":"ExtraData","pd_10_com_0showmore":false,"pd_10_com_0visible":true,"pd_10_com_0audio":"","pd_10_com_0sprite":"","pd_isp_11":false,"pd_rect_11":[2670,400],"pd_comSize_11":5,"pd_ID_11":11,"pd_pTag_11":"Charlie","pd_sprite_11":"","pd_expand_11":false,"pd_vars11":4,"pd_var_11_0":"","pd_varKey_11_0":"Key1","pd_var_11_1":"","pd_varKey_11_1":"Key2","pd_var_11_2":"","pd_varKey_11_2":"Key3","pd_var_11_3":"","pd_varKey_11_3":"Key4","pd_11_com_0iSet":11,"pd_11_com_0oAns":-1,"pd_11_com_0oAct":-1,"pd_11_com_0text":"...excuse me?","pd_11_com_0extraD":"ExtraData","pd_11_com_0showmore":false,"pd_11_com_0visible":true,"pd_11_com_0audio":"","pd_11_com_0sprite":"","pd_11_com_1iSet":11,"pd_11_com_1oAns":-1,"pd_11_com_1oAct":-1,"pd_11_com_1text":"Did I just hear a whisper?","pd_11_com_1extraD":"ExtraData","pd_11_com_1showmore":false,"pd_11_com_1visible":true,"pd_11_com_1audio":"","pd_11_com_1sprite":"","pd_11_com_2iSet":11,"pd_11_com_2oAns":-1,"pd_11_com_2oAct":-1,"pd_11_com_2text":"Look, kid...","pd_11_com_2extraD":"ExtraData","pd_11_com_2showmore":false,"pd_11_com_2visible":true,"pd_11_com_2audio":"","pd_11_com_2sprite":"","pd_11_com_3iSet":11,"pd_11_com_3oAns":-1,"pd_11_com_3oAct":-1,"pd_11_com_3text":"GO","pd_11_com_3extraD":"fs,18","pd_11_com_3showmore":true,"pd_11_com_3visible":true,"pd_11_com_3audio":"","pd_11_com_3sprite":"","pd_11_com_4iSet":11,"pd_11_com_4oAns":-1,"pd_11_com_4oAct":-1,"pd_11_com_4text":"AWAY.","pd_11_com_4extraD":"fs,40","pd_11_com_4showmore":true,"pd_11_com_4visible":true,"pd_11_com_4audio":"","pd_11_com_4sprite":"","pd_isp_12":false,"pd_rect_12":[1770,-80],"pd_comSize_12":1,"pd_ID_12":12,"pd_pTag_12":"Charlie","pd_sprite_12":"","pd_expand_12":false,"pd_vars12":0,"pd_12_com_0iSet":12,"pd_12_com_0oAns":3,"pd_12_com_0oAct":-1,"pd_12_com_0text":"Did you just-","pd_12_com_0extraD":"ExtraData","pd_12_com_0showmore":false,"pd_12_com_0visible":true,"pd_12_com_0audio":"","pd_12_com_0sprite":"","pd_isp_13":false,"pd_rect_13":[1770,120],"pd_comSize_13":2,"pd_ID_13":14,"pd_pTag_13":"Charlie","pd_sprite_13":"","pd_expand_13":false,"pd_vars13":0,"pd_13_com_0iSet":13,"pd_13_com_0oAns":3,"pd_13_com_0oAct":-1,"pd_13_com_0text":"Huh?","pd_13_com_0extraD":"ExtraData","pd_13_com_0showmore":false,"pd_13_com_0visible":true,"pd_13_com_0audio":"","pd_13_com_0sprite":"","pd_13_com_1iSet":13,"pd_13_com_1oAns":-1,"pd_13_com_1oAct":-1,"pd_13_com_1text":"I OWN this place.","pd_13_com_1extraD":"ExtraData","pd_13_com_1showmore":false,"pd_13_com_1visible":true,"pd_13_com_1audio":"","pd_13_com_1sprite":"","pd_isp_14":false,"pd_rect_14":[-800,190],"pd_comSize_14":1,"pd_ID_14":1,"pd_pTag_14":"Charlie","pd_sprite_14":"","pd_expand_14":true,"pd_vars14":0,"pd_14_com_0iSet":14,"pd_14_com_0oAns":4,"pd_14_com_0oAct":-1,"pd_14_com_0text":"Waddayawant?","pd_14_com_0extraD":"fs,32","pd_14_com_0showmore":true,"pd_14_com_0visible":true,"pd_14_com_0audio":"","pd_14_com_0sprite":"","pd_isp_15":false,"pd_rect_15":[2670,-110],"pd_comSize_15":2,"pd_ID_15":15,"pd_pTag_15":"Charlie","pd_sprite_15":"Assets/VIDE/Data/Resources/Sprites/Capsule_Angry.jpg","pd_expand_15":true,"pd_vars15":0,"pd_15_com_0iSet":15,"pd_15_com_0oAns":-1,"pd_15_com_0oAct":-1,"pd_15_com_0text":"chill...?","pd_15_com_0extraD":"ExtraData","pd_15_com_0showmore":false,"pd_15_com_0visible":true,"pd_15_com_0audio":"","pd_15_com_0sprite":"","pd_15_com_1iSet":15,"pd_15_com_1oAns":-1,"pd_15_com_1oAct":-1,"pd_15_com_1text":"CHIIILL?!?!?!?!??!?!?","pd_15_com_1extraD":"fs,28","pd_15_com_1showmore":true,"pd_15_com_1visible":true,"pd_15_com_1audio":"","pd_15_com_1sprite":"","pd_isp_16":false,"pd_rect_16":[-140,400],"pd_comSize_16":3,"pd_ID_16":16,"pd_pTag_16":"Charlie","pd_sprite_16":"","pd_expand_16":false,"pd_vars16":1,"pd_var_16_0":"nameLookUp","pd_varKey_16_0":"nameLookUp","pd_16_com_0iSet":16,"pd_16_com_0oAns":-1,"pd_16_com_0oAct":0,"pd_16_com_0text":"What now-","pd_16_com_0extraD":"ExtraData","pd_16_com_0showmore":false,"pd_16_com_0visible":true,"pd_16_com_0audio":"","pd_16_com_0sprite":"","pd_16_com_1iSet":16,"pd_16_com_1oAns":-1,"pd_16_com_1oAct":-1,"pd_16_com_1text":"What do you think you are doing with that [WEAPON]?!","pd_16_com_1extraD":"ExtraData","pd_16_com_1showmore":false,"pd_16_com_1visible":true,"pd_16_com_1audio":"","pd_16_com_1sprite":"","pd_16_com_2iSet":16,"pd_16_com_2oAns":-1,"pd_16_com_2oAct":-1,"pd_16_com_2text":"Get that thing away from me!","pd_16_com_2extraD":"ExtraData","pd_16_com_2showmore":false,"pd_16_com_2visible":true,"pd_16_com_2audio":"","pd_16_com_2sprite":"","pd_isp_17":false,"pd_rect_17":[-660,-90],"pd_comSize_17":1,"pd_ID_17":18,"pd_pTag_17":"Charlie","pd_sprite_17":"","pd_expand_17":false,"pd_vars17":0,"pd_17_com_0iSet":17,"pd_17_com_0oAns":-1,"pd_17_com_0oAct":-1,"pd_17_com_0text":"GO AWAY!","pd_17_com_0extraD":"ExtraData","pd_17_com_0showmore":false,"pd_17_com_0visible":true,"pd_17_com_0audio":"","pd_17_com_0sprite":"","pd_isp_18":false,"pd_rect_18":[470,350],"pd_comSize_18":1,"pd_ID_18":19,"pd_pTag_18":"","pd_sprite_18":"","pd_expand_18":false,"pd_vars18":0,"pd_18_com_0iSet":18,"pd_18_com_0oAns":1,"pd_18_com_0oAct":-1,"pd_18_com_0text":"Comment...","pd_18_com_0extraD":"ExtraData","pd_18_com_0showmore":false,"pd_18_com_0visible":true,"pd_18_com_0audio":"","pd_18_com_0sprite":"","ac_rect_0":[410,80],"ac_ID_0":17,"ac_pause_0":false,"ac_goName_0":"QuestChart","ac_nIndex_0":1,"ac_goto_0":-1,"ac_optsCount_0":7,"ac_opts_0_0":"[No method]","ac_opts_1_0":"CallQuestChart","ac_opts_2_0":"SetCharlieQuestComplete","ac_opts_3_0":"GetAssigned","ac_opts_4_0":"AssignNew","ac_opts_5_0":"SaveState","ac_opts_6_0":"LoadState","ac_namesCount_0":15,"ac_names_0_0":"[No object]","ac_names_1_0":"QuestChart","ac_names_2_0":"NPC_CrazyCap","ac_names_3_0":"NPC_Witch","ac_names_4_0":"NPC_Couple2","ac_names_5_0":"NPC_Couple1","ac_names_6_0":"MrCube","ac_names_7_0":"Spinned Cube","ac_names_8_0":"ConditionGuy","ac_names_9_0":"Big Cube","ac_names_10_0":"UIManager","ac_names_11_0":"CylinderGuy","ac_names_12_0":"NPC_Charlie","ac_names_13_0":"NPC_Laura","ac_names_14_0":"Cube","ac_methCount_0":0,"ac_meth_0":"SetCharlieQuestComplete","ac_paramT_0":0,"ac_methIndex_0":2,"ac_pString_0":"","ac_pBool_0":false,"ac_pInt_0":0,"ac_pFloat_0":0,"ac_oSet_0":-1,"ac_oAct_0":-1,"ac_ovrStartNode_0":18,"ac_renameDialogue_0":"","ac_more_0":false}