{"dID":66715,"playerDiags":2,"actionNodes":1,"startPoint":1,"loadTag":"","previewPanning":false,"autosave":true,"locEdit":false,"showSettings":true,"pd_isp_0":false,"pd_rect_0":[420,40],"pd_comSize_0":1,"pd_ID_0":0,"pd_pTag_0":"","pd_sprite_0":"","pd_expand_0":true,"pd_vars0":9,"pd_var_0_0":"fruits!","pd_varKey_0_0":"Key1","pd_var_0_1":"animals!","pd_varKey_0_1":"Key2","pd_var_0_2":"dancing!","pd_varKey_0_2":"Key3","pd_var_0_3":"sunsets!","pd_varKey_0_3":"Key4","pd_var_0_4":"trains!","pd_varKey_0_4":"Key5","pd_var_0_5":"being part of this demo!","pd_varKey_0_5":"Key6","pd_var_0_6":"existential crisis!","pd_varKey_0_6":"Key7","pd_var_0_7":"programming!","pd_varKey_0_7":"Key8","pd_var_0_8":"thinking about ways to escape this hellish prison we were all forcefully thrown into, where we'll spend the rest of our days suffocated with deranged delusions of a life never to come, a deliverance never befallen.","pd_varKey_0_8":"Key9","pd_0_com_0iSet":-1,"pd_0_com_0oAns":-1,"pd_0_com_0oAct":-1,"pd_0_com_0text":"NPC's comment...","pd_0_com_0extraD":"ExtraData","pd_0_com_0showmore":false,"pd_0_com_0visible":true,"pd_0_com_0audio":"","pd_0_com_0sprite":"","pd_isp_1":false,"pd_rect_1":[30,40],"pd_comSize_1":1,"pd_ID_1":2,"pd_pTag_1":"","pd_sprite_1":"","pd_expand_1":false,"pd_vars1":0,"pd_1_com_0iSet":-1,"pd_1_com_0oAns":0,"pd_1_com_0oAct":-1,"pd_1_com_0text":"I like...","pd_1_com_0extraD":"ExtraData","pd_1_com_0showmore":false,"pd_1_com_0visible":true,"pd_1_com_0audio":"","pd_1_com_0sprite":"","ac_rect_0":[150,210],"ac_ID_0":1,"ac_pause_0":false,"ac_goName_0":"CylinderGuy","ac_nIndex_0":3,"ac_goto_0":2,"ac_optsCount_0":4,"ac_opts_0_0":"[No method]","ac_opts_1_0":"GetAssigned","ac_opts_2_0":"AssignNew","ac_opts_3_0":"ModifyText","ac_namesCount_0":4,"ac_names_0_0":"[No object]","ac_names_1_0":"NPC_Witch","ac_names_2_0":"UIManager","ac_names_3_0":"CylinderGuy","ac_methCount_0":10,"ac_meth_key_0_0":"NPC_Witch0","ac_meth_val_0_0":"GetAssigned","ac_meth_key_0_1":"NPC_Witch1","ac_meth_val_0_1":"AssignNew","ac_meth_key_0_2":"NPC_Witch2","ac_meth_val_0_2":"ChangeColor","ac_meth_key_0_3":"NPC_Witch3","ac_meth_val_0_3":"Move","ac_meth_key_0_4":"NPC_Witch4","ac_meth_val_0_4":"GoInvisible","ac_meth_key_0_5":"UIManager0","ac_meth_val_0_5":"CallNext","ac_meth_key_0_6":"UIManager1","ac_meth_val_0_6":"ActionGiveItem","ac_meth_key_0_7":"CylinderGuy0","ac_meth_val_0_7":"GetAssigned","ac_meth_key_0_8":"CylinderGuy1","ac_meth_val_0_8":"AssignNew","ac_meth_key_0_9":"CylinderGuy2","ac_meth_val_0_9":"ModifyText","ac_meth_0":"ModifyText","ac_paramT_0":0,"ac_methIndex_0":3,"ac_pString_0":"","ac_pBool_0":false,"ac_pInt_0":0,"ac_pFloat_0":0,"ac_oSet_0":-1,"ac_oAct_0":-1,"ac_ovrStartNode_0":-1,"ac_renameDialogue_0":"","ac_more_0":false}