{"dID":35452,"playerDiags":28,"actionNodes":3,"startPoint":0,"loadTag":"","previewPanning":false,"autosave":true,"locEdit":false,"showSettings":true,"pd_isp_0":true,"pd_rect_0":[370,100],"pd_comSize_0":1,"pd_ID_0":1,"pd_pTag_0":"","pd_sprite_0":"","pd_expand_0":false,"pd_vars0":0,"pd_0_com_0iSet":0,"pd_0_com_0oAns":9,"pd_0_com_0oAct":-1,"pd_0_com_0text":"Huh?","pd_0_com_0extraD":"","pd_0_com_0showmore":false,"pd_0_com_0visible":true,"pd_0_com_0audio":"","pd_0_com_0sprite":"","pd_isp_1":true,"pd_rect_1":[1140,10],"pd_comSize_1":3,"pd_ID_1":3,"pd_pTag_1":"","pd_sprite_1":"","pd_expand_1":true,"pd_vars1":0,"pd_1_com_0iSet":1,"pd_1_com_0oAns":12,"pd_1_com_0oAct":-1,"pd_1_com_0text":"Yeah, my heart skipped a beat when stepping out of the platform.","pd_1_com_0extraD":"","pd_1_com_0showmore":false,"pd_1_com_0visible":true,"pd_1_com_0audio":"","pd_1_com_0sprite":"","pd_1_com_1iSet":1,"pd_1_com_1oAns":11,"pd_1_com_1oAct":-1,"pd_1_com_1text":"We are AWESOME!","pd_1_com_1extraD":"","pd_1_com_1showmore":false,"pd_1_com_1visible":true,"pd_1_com_1audio":"","pd_1_com_1sprite":"","pd_1_com_2iSet":1,"pd_1_com_2oAns":10,"pd_1_com_2oAct":-1,"pd_1_com_2text":"No, dude. The programmer just didn't add gravity to us.","pd_1_com_2extraD":"","pd_1_com_2showmore":false,"pd_1_com_2visible":true,"pd_1_com_2audio":"","pd_1_com_2sprite":"","pd_isp_2":true,"pd_rect_2":[1900,-140],"pd_comSize_2":2,"pd_ID_2":7,"pd_pTag_2":"","pd_sprite_2":"","pd_expand_2":false,"pd_vars2":0,"pd_2_com_0iSet":2,"pd_2_com_0oAns":13,"pd_2_com_0oAct":-1,"pd_2_com_0text":"As far as I know...","pd_2_com_0extraD":"","pd_2_com_0showmore":false,"pd_2_com_0visible":true,"pd_2_com_0audio":"","pd_2_com_0sprite":"","pd_2_com_1iSet":2,"pd_2_com_1oAns":14,"pd_2_com_1oAct":-1,"pd_2_com_1text":"How else would we be alive, then?","pd_2_com_1extraD":"","pd_2_com_1showmore":false,"pd_2_com_1visible":true,"pd_2_com_1audio":"","pd_2_com_1sprite":"","pd_isp_3":true,"pd_rect_3":[2740,20],"pd_comSize_3":1,"pd_ID_3":10,"pd_pTag_3":"","pd_sprite_3":"","pd_expand_3":false,"pd_vars3":0,"pd_3_com_0iSet":3,"pd_3_com_0oAns":15,"pd_3_com_0oAct":-1,"pd_3_com_0text":"No...","pd_3_com_0extraD":"","pd_3_com_0showmore":false,"pd_3_com_0visible":true,"pd_3_com_0audio":"","pd_3_com_0sprite":"","pd_isp_4":true,"pd_rect_4":[1920,270],"pd_comSize_4":2,"pd_ID_4":12,"pd_pTag_4":"","pd_sprite_4":"","pd_expand_4":false,"pd_vars4":0,"pd_4_com_0iSet":4,"pd_4_com_0oAns":14,"pd_4_com_0oAct":-1,"pd_4_com_0text":"Uhh... I don't even know.","pd_4_com_0extraD":"","pd_4_com_0showmore":false,"pd_4_com_0visible":true,"pd_4_com_0audio":"","pd_4_com_0sprite":"","pd_4_com_1iSet":4,"pd_4_com_1oAns":16,"pd_4_com_1oAct":-1,"pd_4_com_1text":"Uhh... Someone pro at grammar?","pd_4_com_1extraD":"","pd_4_com_1showmore":false,"pd_4_com_1visible":true,"pd_4_com_1audio":"","pd_4_com_1sprite":"","pd_isp_5":true,"pd_rect_5":[2220,90],"pd_comSize_5":2,"pd_ID_5":14,"pd_pTag_5":"","pd_sprite_5":"","pd_expand_5":false,"pd_vars5":0,"pd_5_com_0iSet":5,"pd_5_com_0oAns":18,"pd_5_com_0oAct":-1,"pd_5_com_0text":"Thanks, dude!","pd_5_com_0extraD":"","pd_5_com_0showmore":false,"pd_5_com_0visible":true,"pd_5_com_0audio":"","pd_5_com_0sprite":"","pd_5_com_1iSet":5,"pd_5_com_1oAns":17,"pd_5_com_1oAct":-1,"pd_5_com_1text":"What do I even do with this?","pd_5_com_1extraD":"","pd_5_com_1showmore":false,"pd_5_com_1visible":true,"pd_5_com_1audio":"","pd_5_com_1sprite":"","pd_isp_6":true,"pd_rect_6":[2740,410],"pd_comSize_6":1,"pd_ID_6":18,"pd_pTag_6":"","pd_sprite_6":"","pd_expand_6":false,"pd_vars6":0,"pd_6_com_0iSet":6,"pd_6_com_0oAns":20,"pd_6_com_0oAct":-1,"pd_6_com_0text":"...","pd_6_com_0extraD":"","pd_6_com_0showmore":false,"pd_6_com_0visible":true,"pd_6_com_0audio":"","pd_6_com_0sprite":"","pd_isp_7":true,"pd_rect_7":[490,360],"pd_comSize_7":3,"pd_ID_7":24,"pd_pTag_7":"","pd_sprite_7":"","pd_expand_7":false,"pd_vars7":0,"pd_7_com_0iSet":7,"pd_7_com_0oAns":23,"pd_7_com_0oAct":-1,"pd_7_com_0text":"I want a new weapon","pd_7_com_0extraD":"","pd_7_com_0showmore":false,"pd_7_com_0visible":true,"pd_7_com_0audio":"","pd_7_com_0sprite":"","pd_7_com_1iSet":7,"pd_7_com_1oAns":24,"pd_7_com_1oAct":-1,"pd_7_com_1text":"How's your day?","pd_7_com_1extraD":"","pd_7_com_1showmore":false,"pd_7_com_1visible":false,"pd_7_com_1audio":"","pd_7_com_1sprite":"","pd_7_com_2iSet":7,"pd_7_com_2oAns":25,"pd_7_com_2oAct":-1,"pd_7_com_2text":"Nevermind... ","pd_7_com_2extraD":"","pd_7_com_2showmore":false,"pd_7_com_2visible":true,"pd_7_com_2audio":"","pd_7_com_2sprite":"","pd_isp_8":false,"pd_rect_8":[80,240],"pd_comSize_8":1,"pd_ID_8":0,"pd_pTag_8":"Crazy Cap","pd_sprite_8":"","pd_expand_8":false,"pd_vars8":0,"pd_8_com_0iSet":8,"pd_8_com_0oAns":0,"pd_8_com_0oAct":-1,"pd_8_com_0text":"You there!","pd_8_com_0extraD":"ExtraData","pd_8_com_0showmore":false,"pd_8_com_0visible":true,"pd_8_com_0audio":"","pd_8_com_0sprite":"","pd_isp_9":false,"pd_rect_9":[770,-30],"pd_comSize_9":5,"pd_ID_9":2,"pd_pTag_9":"Crazy Cap","pd_sprite_9":"Assets/VIDE/Data/Resources/Sprites/Capsule_Wowed.jpg","pd_expand_9":true,"pd_vars9":1,"pd_var_9_0":"4","pd_varKey_9_0":"sprite","pd_9_com_0iSet":9,"pd_9_com_0oAns":1,"pd_9_com_0oAct":-1,"pd_9_com_0text":"Don't you see?","pd_9_com_0extraD":"ExtraData","pd_9_com_0showmore":false,"pd_9_com_0visible":true,"pd_9_com_0audio":"","pd_9_com_0sprite":"","pd_9_com_1iSet":9,"pd_9_com_1oAns":-1,"pd_9_com_1oAct":-1,"pd_9_com_1text":"We have the same ability!","pd_9_com_1extraD":"ExtraData","pd_9_com_1showmore":false,"pd_9_com_1visible":true,"pd_9_com_1audio":"","pd_9_com_1sprite":"","pd_9_com_2iSet":9,"pd_9_com_2oAns":-1,"pd_9_com_2oAct":-1,"pd_9_com_2text":"We can","pd_9_com_2extraD":"ExtraData","pd_9_com_2showmore":false,"pd_9_com_2visible":true,"pd_9_com_2audio":"","pd_9_com_2sprite":"","pd_9_com_3iSet":9,"pd_9_com_3oAns":-1,"pd_9_com_3oAct":-1,"pd_9_com_3text":"freaking..","pd_9_com_3extraD":"ExtraData","pd_9_com_3showmore":false,"pd_9_com_3visible":true,"pd_9_com_3audio":"","pd_9_com_3sprite":"","pd_9_com_4iSet":9,"pd_9_com_4oAns":-1,"pd_9_com_4oAct":-1,"pd_9_com_4text":"FLOAT!","pd_9_com_4extraD":"fs,32","pd_9_com_4showmore":true,"pd_9_com_4visible":true,"pd_9_com_4audio":"","pd_9_com_4sprite":"","pd_isp_10":false,"pd_rect_10":[1520,340],"pd_comSize_10":3,"pd_ID_10":4,"pd_pTag_10":"Crazy Cap","pd_sprite_10":"","pd_expand_10":false,"pd_vars10":0,"pd_10_com_0iSet":10,"pd_10_com_0oAns":4,"pd_10_com_0oAct":-1,"pd_10_com_0text":"Programmer?","pd_10_com_0extraD":"ExtraData","pd_10_com_0showmore":false,"pd_10_com_0visible":true,"pd_10_com_0audio":"","pd_10_com_0sprite":"","pd_10_com_1iSet":10,"pd_10_com_1oAns":-1,"pd_10_com_1oAct":-1,"pd_10_com_1text":"...","pd_10_com_1extraD":"ExtraData","pd_10_com_1showmore":false,"pd_10_com_1visible":true,"pd_10_com_1audio":"","pd_10_com_1sprite":"","pd_10_com_2iSet":10,"pd_10_com_2oAns":-1,"pd_10_com_2oAct":-1,"pd_10_com_2text":"What's that?","pd_10_com_2extraD":"ExtraData","pd_10_com_2showmore":false,"pd_10_com_2visible":true,"pd_10_com_2audio":"","pd_10_com_2sprite":"","pd_isp_11":false,"pd_rect_11":[1550,-30],"pd_comSize_11":3,"pd_ID_11":5,"pd_pTag_11":"Crazy Cap","pd_sprite_11":"","pd_expand_11":true,"pd_vars11":2,"pd_var_11_0":"0","pd_varKey_11_0":"item","pd_var_11_1":"1","pd_varKey_11_1":"itemLine","pd_11_com_0iSet":11,"pd_11_com_0oAns":-1,"pd_11_com_0oAct":0,"pd_11_com_0text":"You know what? You're a friend!","pd_11_com_0extraD":"ExtraData","pd_11_com_0showmore":false,"pd_11_com_0visible":true,"pd_11_com_0audio":"","pd_11_com_0sprite":"","pd_11_com_1iSet":11,"pd_11_com_1oAns":-1,"pd_11_com_1oAct":-1,"pd_11_com_1text":"Here, take this!","pd_11_com_1extraD":"ExtraData","pd_11_com_1showmore":false,"pd_11_com_1visible":true,"pd_11_com_1audio":"","pd_11_com_1sprite":"","pd_11_com_2iSet":11,"pd_11_com_2oAns":-1,"pd_11_com_2oAct":-1,"pd_11_com_2text":"I don't  really need it anymore.","pd_11_com_2extraD":"ExtraData","pd_11_com_2showmore":false,"pd_11_com_2visible":true,"pd_11_com_2audio":"","pd_11_com_2sprite":"","pd_isp_12":false,"pd_rect_12":[1480,-160],"pd_comSize_12":1,"pd_ID_12":6,"pd_pTag_12":"Crazy Cap","pd_sprite_12":"","pd_expand_12":false,"pd_vars12":0,"pd_12_com_0iSet":12,"pd_12_com_0oAns":2,"pd_12_com_0oAct":-1,"pd_12_com_0text":"We have hearts?","pd_12_com_0extraD":"ExtraData","pd_12_com_0showmore":false,"pd_12_com_0visible":true,"pd_12_com_0audio":"","pd_12_com_0sprite":"","pd_isp_13":false,"pd_rect_13":[2330,-260],"pd_comSize_13":2,"pd_ID_13":8,"pd_pTag_13":"Crazy Cap","pd_sprite_13":"","pd_expand_13":false,"pd_vars13":0,"pd_13_com_0iSet":13,"pd_13_com_0oAns":-1,"pd_13_com_0oAct":-1,"pd_13_com_0text":"No. We are heartless ALIENS. Literally.","pd_13_com_0extraD":"ExtraData","pd_13_com_0showmore":false,"pd_13_com_0visible":true,"pd_13_com_0audio":"","pd_13_com_0sprite":"","pd_13_com_1iSet":13,"pd_13_com_1oAns":-1,"pd_13_com_1oAct":-1,"pd_13_com_1text":"Gotta continue floating now. Bye!","pd_13_com_1extraD":"ExtraData","pd_13_com_1showmore":false,"pd_13_com_1visible":true,"pd_13_com_1audio":"","pd_13_com_1sprite":"","pd_isp_14":false,"pd_rect_14":[2330,-100],"pd_comSize_14":1,"pd_ID_14":9,"pd_pTag_14":"Crazy Cap","pd_sprite_14":"","pd_expand_14":false,"pd_vars14":0,"pd_14_com_0iSet":14,"pd_14_com_0oAns":3,"pd_14_com_0oAct":-1,"pd_14_com_0text":"Have you ever considered the possibility of us being robots?","pd_14_com_0extraD":"ExtraData","pd_14_com_0showmore":false,"pd_14_com_0visible":true,"pd_14_com_0audio":"","pd_14_com_0sprite":"","pd_isp_15":false,"pd_rect_15":[3180,20],"pd_comSize_15":1,"pd_ID_15":11,"pd_pTag_15":"Crazy Cap","pd_sprite_15":"","pd_expand_15":false,"pd_vars15":0,"pd_15_com_0iSet":15,"pd_15_com_0oAns":-1,"pd_15_com_0oAct":-1,"pd_15_com_0text":"Anyway, gotta get to work. Bye!","pd_15_com_0extraD":"ExtraData","pd_15_com_0showmore":false,"pd_15_com_0visible":true,"pd_15_com_0audio":"","pd_15_com_0sprite":"","pd_isp_16":false,"pd_rect_16":[2310,350],"pd_comSize_16":2,"pd_ID_16":13,"pd_pTag_16":"Crazy Cap","pd_sprite_16":"","pd_expand_16":false,"pd_vars16":0,"pd_16_com_0iSet":16,"pd_16_com_0oAns":6,"pd_16_com_0oAct":-1,"pd_16_com_0text":"Did you just...","pd_16_com_0extraD":"ExtraData","pd_16_com_0showmore":false,"pd_16_com_0visible":true,"pd_16_com_0audio":"","pd_16_com_0sprite":"","pd_16_com_1iSet":16,"pd_16_com_1oAns":-1,"pd_16_com_1oAct":-1,"pd_16_com_1text":"...","pd_16_com_1extraD":"ExtraData","pd_16_com_1showmore":false,"pd_16_com_1visible":true,"pd_16_com_1audio":"","pd_16_com_1sprite":"","pd_isp_17":false,"pd_rect_17":[2660,160],"pd_comSize_17":3,"pd_ID_17":15,"pd_pTag_17":"Crazy Cap","pd_sprite_17":"Assets/VIDE/Data/Resources/Sprites/Capsule_Wowed.jpg","pd_expand_17":true,"pd_vars17":1,"pd_var_17_0":"2","pd_varKey_17_0":"sprite","pd_17_com_0iSet":17,"pd_17_com_0oAns":-1,"pd_17_com_0oAct":-1,"pd_17_com_0text":"Dunno... Do something about Charlie.","pd_17_com_0extraD":"ExtraData","pd_17_com_0showmore":false,"pd_17_com_0visible":true,"pd_17_com_0audio":"","pd_17_com_0sprite":"","pd_17_com_1iSet":17,"pd_17_com_1oAns":-1,"pd_17_com_1oAct":-1,"pd_17_com_1text":"Charlie drives me-","pd_17_com_1extraD":"ExtraData","pd_17_com_1showmore":false,"pd_17_com_1visible":true,"pd_17_com_1audio":"","pd_17_com_1sprite":"","pd_17_com_2iSet":17,"pd_17_com_2oAns":-1,"pd_17_com_2oAct":-1,"pd_17_com_2text":"CRAZY.","pd_17_com_2extraD":"ExtraData","pd_17_com_2showmore":false,"pd_17_com_2visible":true,"pd_17_com_2audio":"","pd_17_com_2sprite":"","pd_isp_18":false,"pd_rect_18":[2720,-140],"pd_comSize_18":1,"pd_ID_18":16,"pd_pTag_18":"Crazy Cap","pd_sprite_18":"","pd_expand_18":false,"pd_vars18":0,"pd_18_com_0iSet":18,"pd_18_com_0oAns":-1,"pd_18_com_0oAct":-1,"pd_18_com_0text":"No prob, champ!","pd_18_com_0extraD":"ExtraData","pd_18_com_0showmore":false,"pd_18_com_0visible":true,"pd_18_com_0audio":"","pd_18_com_0sprite":"","pd_isp_19":false,"pd_rect_19":[80,370],"pd_comSize_19":1,"pd_ID_19":17,"pd_pTag_19":"Crazy Cap","pd_sprite_19":"","pd_expand_19":true,"pd_vars19":0,"pd_19_com_0iSet":19,"pd_19_com_0oAns":7,"pd_19_com_0oAct":-1,"pd_19_com_0text":"What do you want, now?","pd_19_com_0extraD":"ExtraData","pd_19_com_0showmore":false,"pd_19_com_0visible":true,"pd_19_com_0audio":"","pd_19_com_0sprite":"","pd_isp_20":false,"pd_rect_20":[3140,240],"pd_comSize_20":1,"pd_ID_20":19,"pd_pTag_20":"Crazy Cap","pd_sprite_20":"","pd_expand_20":false,"pd_vars20":0,"pd_20_com_0iSet":20,"pd_20_com_0oAns":-1,"pd_20_com_0oAct":-1,"pd_20_com_0text":"You better go...","pd_20_com_0extraD":"ExtraData","pd_20_com_0showmore":false,"pd_20_com_0visible":true,"pd_20_com_0audio":"","pd_20_com_0sprite":"","pd_isp_21":false,"pd_rect_21":[1520,530],"pd_comSize_21":2,"pd_ID_21":21,"pd_pTag_21":"Optional","pd_sprite_21":"","pd_expand_21":false,"pd_vars21":0,"pd_21_com_0iSet":21,"pd_21_com_0oAns":-1,"pd_21_com_0oAct":1,"pd_21_com_0text":"You know what? You're a friend!","pd_21_com_0extraD":"ExtraData","pd_21_com_0showmore":false,"pd_21_com_0visible":true,"pd_21_com_0audio":"","pd_21_com_0sprite":"","pd_21_com_1iSet":21,"pd_21_com_1oAns":-1,"pd_21_com_1oAct":-1,"pd_21_com_1text":"Here, take this!","pd_21_com_1extraD":"ExtraData","pd_21_com_1showmore":false,"pd_21_com_1visible":true,"pd_21_com_1audio":"","pd_21_com_1sprite":"","pd_isp_22":false,"pd_rect_22":[2310,570],"pd_comSize_22":1,"pd_ID_22":23,"pd_pTag_22":"","pd_sprite_22":"","pd_expand_22":false,"pd_vars22":0,"pd_22_com_0iSet":22,"pd_22_com_0oAns":5,"pd_22_com_0oAct":-1,"pd_22_com_0text":"I don't  really need it anymore.","pd_22_com_0extraD":"ExtraData","pd_22_com_0showmore":false,"pd_22_com_0visible":true,"pd_22_com_0audio":"","pd_22_com_0sprite":"","pd_isp_23":false,"pd_rect_23":[1120,260],"pd_comSize_23":2,"pd_ID_23":25,"pd_pTag_23":"","pd_sprite_23":"Assets/VIDE/Data/Resources/Sprites/Capsule_Wowed.jpg","pd_expand_23":true,"pd_vars23":4,"pd_var_23_0":"1","pd_varKey_23_0":"sprite","pd_var_23_1":"0","pd_varKey_23_1":"item","pd_var_23_2":"1","pd_varKey_23_2":"itemLine","pd_var_23_3":"1","pd_varKey_23_3":"item++","pd_23_com_0iSet":23,"pd_23_com_0oAns":5,"pd_23_com_0oAct":-1,"pd_23_com_0text":"Oh...","pd_23_com_0extraD":"ExtraData","pd_23_com_0showmore":false,"pd_23_com_0visible":true,"pd_23_com_0audio":"","pd_23_com_0sprite":"","pd_23_com_1iSet":23,"pd_23_com_1oAns":-1,"pd_23_com_1oAct":-1,"pd_23_com_1text":"DO YOU?","pd_23_com_1extraD":"ExtraData","pd_23_com_1showmore":false,"pd_23_com_1visible":true,"pd_23_com_1audio":"","pd_23_com_1sprite":"","pd_isp_24":false,"pd_rect_24":[1110,570],"pd_comSize_24":1,"pd_ID_24":26,"pd_pTag_24":"","pd_sprite_24":"Assets/VIDE/Data/Resources/Sprites/Capsule_Wowed.jpg","pd_expand_24":true,"pd_vars24":0,"pd_24_com_0iSet":24,"pd_24_com_0oAns":7,"pd_24_com_0oAct":-1,"pd_24_com_0text":"AMAZING.","pd_24_com_0extraD":"ExtraData","pd_24_com_0showmore":false,"pd_24_com_0visible":true,"pd_24_com_0audio":"","pd_24_com_0sprite":"","pd_isp_25":false,"pd_rect_25":[760,600],"pd_comSize_25":1,"pd_ID_25":27,"pd_pTag_25":"","pd_sprite_25":"","pd_expand_25":false,"pd_vars25":0,"pd_25_com_0iSet":25,"pd_25_com_0oAns":-1,"pd_25_com_0oAct":-1,"pd_25_com_0text":"Alright, bye! ","pd_25_com_0extraD":"ExtraData","pd_25_com_0showmore":false,"pd_25_com_0visible":true,"pd_25_com_0audio":"","pd_25_com_0sprite":"","pd_isp_26":false,"pd_rect_26":[80,540],"pd_comSize_26":2,"pd_ID_26":28,"pd_pTag_26":"","pd_sprite_26":"Assets/VIDE/Data/Resources/Sprites/Capsule_Wowed.jpg","pd_expand_26":false,"pd_vars26":1,"pd_var_26_0":"1","pd_varKey_26_0":"sprite","pd_26_com_0iSet":26,"pd_26_com_0oAns":-1,"pd_26_com_0oAct":2,"pd_26_com_0text":"I'm out of stock!","pd_26_com_0extraD":"ExtraData","pd_26_com_0showmore":false,"pd_26_com_0visible":true,"pd_26_com_0audio":"","pd_26_com_0sprite":"","pd_26_com_1iSet":26,"pd_26_com_1oAns":-1,"pd_26_com_1oAct":-1,"pd_26_com_1text":"YOU STOLE EVERYTHING FROM ME","pd_26_com_1extraD":"ExtraData","pd_26_com_1showmore":false,"pd_26_com_1visible":true,"pd_26_com_1audio":"","pd_26_com_1sprite":"","pd_isp_27":false,"pd_rect_27":[80,690],"pd_comSize_27":1,"pd_ID_27":30,"pd_pTag_27":"","pd_sprite_27":"Assets/VIDE/Data/Resources/Sprites/Capsule_Wowed.jpg","pd_expand_27":true,"pd_vars27":0,"pd_27_com_0iSet":27,"pd_27_com_0oAns":-1,"pd_27_com_0oAct":-1,"pd_27_com_0text":"*sobbing*","pd_27_com_0extraD":"ExtraData","pd_27_com_0showmore":false,"pd_27_com_0visible":true,"pd_27_com_0audio":"","pd_27_com_0sprite":"","ac_rect_0":[1960,40],"ac_ID_0":20,"ac_pause_0":false,"ac_goName_0":"[No object]","ac_nIndex_0":0,"ac_goto_0":-1,"ac_optsCount_0":1,"ac_opts_0_0":"[No method]","ac_namesCount_0":1,"ac_names_0_0":"[No object]","ac_methCount_0":0,"ac_meth_0":"[No method]","ac_paramT_0":-1,"ac_methIndex_0":0,"ac_pString_0":"","ac_pBool_0":false,"ac_pInt_0":0,"ac_pFloat_0":0,"ac_oSet_0":5,"ac_oAct_0":-1,"ac_ovrStartNode_0":17,"ac_renameDialogue_0":"","ac_more_0":true,"ac_rect_1":[1980,510],"ac_ID_1":22,"ac_pause_1":false,"ac_goName_1":"[No object]","ac_nIndex_1":0,"ac_goto_1":-1,"ac_optsCount_1":1,"ac_opts_0_1":"[No method]","ac_namesCount_1":1,"ac_names_0_1":"[No object]","ac_methCount_1":0,"ac_meth_1":"[No method]","ac_paramT_1":-1,"ac_methIndex_1":0,"ac_pString_1":"","ac_pBool_1":false,"ac_pInt_1":3,"ac_pFloat_1":0,"ac_oSet_1":-1,"ac_oAct_1":-1,"ac_ovrStartNode_1":-1,"ac_renameDialogue_1":"","ac_more_1":false,"ac_rect_2":[490,580],"ac_ID_2":29,"ac_pause_2":false,"ac_goName_2":"[No object]","ac_nIndex_2":0,"ac_goto_2":-1,"ac_optsCount_2":1,"ac_opts_0_2":"[No method]","ac_namesCount_2":1,"ac_names_0_2":"[No object]","ac_methCount_2":0,"ac_meth_2":"[No method]","ac_paramT_2":-1,"ac_methIndex_2":0,"ac_pString_2":"","ac_pBool_2":false,"ac_pInt_2":0,"ac_pFloat_2":0,"ac_oSet_2":-1,"ac_oAct_2":-1,"ac_ovrStartNode_2":30,"ac_renameDialogue_2":"","ac_more_2":true}