{"dID":12537,"playerDiags":3,"actionNodes":0,"startPoint":0,"loadTag":"","previewPanning":false,"autosave":true,"locEdit":false,"showSettings":true,"pd_isp_0":false,"pd_rect_0":[400,350],"pd_comSize_0":3,"pd_ID_0":0,"pd_pTag_0":"Damon","pd_sprite_0":"","pd_expand_0":false,"pd_vars0":0,"pd_0_com_0iSet":-1,"pd_0_com_0oAns":1,"pd_0_com_0oAct":-1,"pd_0_com_0text":"I was just resting my eyes I- oh... hey Intern.","pd_0_com_0extraD":"ExtraData","pd_0_com_0showmore":false,"pd_0_com_0visible":true,"pd_0_com_0audio":"","pd_0_com_0sprite":"","pd_0_com_1iSet":0,"pd_0_com_1oAns":-1,"pd_0_com_1oAct":-1,"pd_0_com_1text":"You aren't going to tell the boss man I was sleeping right? I mean it's called the Break Room what else am i supposed to do in here!","pd_0_com_1extraD":"ExtraData","pd_0_com_1showmore":false,"pd_0_com_1visible":true,"pd_0_com_1audio":"","pd_0_com_1sprite":"","pd_0_com_2iSet":0,"pd_0_com_2oAns":-1,"pd_0_com_2oAct":-1,"pd_0_com_2text":"Besides this riddles too hard, i'll never figure it out.","pd_0_com_2extraD":"ExtraData","pd_0_com_2showmore":false,"pd_0_com_2visible":true,"pd_0_com_2audio":"","pd_0_com_2sprite":"","pd_isp_1":false,"pd_rect_1":[800,350],"pd_comSize_1":2,"pd_ID_1":1,"pd_pTag_1":"Damon","pd_sprite_1":"","pd_expand_1":false,"pd_vars1":0,"pd_1_com_0iSet":-1,"pd_1_com_0oAns":2,"pd_1_com_0oAct":-1,"pd_1_com_0text":"\"A space for discussions,\nIts where people of the business gather,","pd_1_com_0extraD":"ExtraData","pd_1_com_0showmore":false,"pd_1_com_0visible":true,"pd_1_com_0audio":"","pd_1_com_0sprite":"","pd_1_com_1iSet":1,"pd_1_com_1oAns":-1,"pd_1_com_1oAct":-1,"pd_1_com_1text":"A machine is used to display information for the whole room,\r\nIt uses light to project an image on a surface.\"","pd_1_com_1extraD":"ExtraData","pd_1_com_1showmore":false,"pd_1_com_1visible":true,"pd_1_com_1audio":"","pd_1_com_1sprite":"","pd_isp_2":false,"pd_rect_2":[1200,340],"pd_comSize_2":1,"pd_ID_2":2,"pd_pTag_2":"Damon","pd_sprite_2":"","pd_expand_2":false,"pd_vars2":0,"pd_2_com_0iSet":-1,"pd_2_com_0oAns":-1,"pd_2_com_0oAct":-1,"pd_2_com_0text":"If you ever figure it out I think Jacquelyn has one she hasn't solved yet.","pd_2_com_0extraD":"ExtraData","pd_2_com_0showmore":false,"pd_2_com_0visible":true,"pd_2_com_0audio":"","pd_2_com_0sprite":""}