{"dID":64398,"playerDiags":10,"actionNodes":1,"startPoint":0,"loadTag":"","previewPanning":false,"autosave":true,"locEdit":false,"showSettings":true,"pd_isp_0":true,"pd_rect_0":[-380,-160],"pd_comSize_0":1,"pd_ID_0":0,"pd_pTag_0":"","pd_sprite_0":"","pd_expand_0":true,"pd_vars0":2,"pd_var_0_0":"2,3,4,6,5,1","pd_varKey_0_0":"outCondition","pd_var_0_1":"intCount","pd_varKey_0_1":"condInfo","pd_0_com_0iSet":-1,"pd_0_com_0oAns":-1,"pd_0_com_0oAct":-1,"pd_0_com_0text":"Tell me something.","pd_0_com_0extraD":"ExtraData","pd_0_com_0showmore":false,"pd_0_com_0visible":true,"pd_0_com_0audio":"","pd_0_com_0sprite":"","pd_isp_1":false,"pd_rect_1":[20,-230],"pd_comSize_1":1,"pd_ID_1":2,"pd_pTag_1":"","pd_sprite_1":"","pd_expand_1":false,"pd_vars1":0,"pd_1_com_0iSet":-1,"pd_1_com_0oAns":7,"pd_1_com_0oAct":-1,"pd_1_com_0text":"I am a very interesting cylinder.","pd_1_com_0extraD":"ExtraData","pd_1_com_0showmore":false,"pd_1_com_0visible":true,"pd_1_com_0audio":"","pd_1_com_0sprite":"","pd_isp_2":false,"pd_rect_2":[20,-110],"pd_comSize_2":1,"pd_ID_2":3,"pd_pTag_2":"","pd_sprite_2":"","pd_expand_2":false,"pd_vars2":0,"pd_2_com_0iSet":-1,"pd_2_com_0oAns":7,"pd_2_com_0oAct":-1,"pd_2_com_0text":"I say something different every time you talk to me.","pd_2_com_0extraD":"ExtraData","pd_2_com_0showmore":false,"pd_2_com_0visible":true,"pd_2_com_0audio":"","pd_2_com_0sprite":"","pd_isp_3":false,"pd_rect_3":[20,20],"pd_comSize_3":1,"pd_ID_3":4,"pd_pTag_3":"","pd_sprite_3":"","pd_expand_3":false,"pd_vars3":0,"pd_3_com_0iSet":-1,"pd_3_com_0oAns":7,"pd_3_com_0oAct":-1,"pd_3_com_0text":"The interactionCount increases everytime. That will work as an index for a node ID array.","pd_3_com_0extraD":"ExtraData","pd_3_com_0showmore":false,"pd_3_com_0visible":true,"pd_3_com_0audio":"","pd_3_com_0sprite":"","pd_isp_4":false,"pd_rect_4":[20,300],"pd_comSize_4":1,"pd_ID_4":5,"pd_pTag_4":"","pd_sprite_4":"","pd_expand_4":false,"pd_vars4":0,"pd_4_com_0iSet":-1,"pd_4_com_0oAns":7,"pd_4_com_0oAct":-1,"pd_4_com_0text":"We use SetNode instead of using Next. For SetNode, you specify the ID of the node you want to go to next.","pd_4_com_0extraD":"ExtraData","pd_4_com_0showmore":false,"pd_4_com_0visible":true,"pd_4_com_0audio":"","pd_4_com_0sprite":"","pd_isp_5":false,"pd_rect_5":[20,160],"pd_comSize_5":1,"pd_ID_5":6,"pd_pTag_5":"","pd_sprite_5":"","pd_expand_5":false,"pd_vars5":0,"pd_5_com_0iSet":-1,"pd_5_com_0oAns":7,"pd_5_com_0oAct":-1,"pd_5_com_0text":"Don't forget to check out the dialogueUI.cs. Check out the CallNext method. ","pd_5_com_0extraD":"ExtraData","pd_5_com_0showmore":false,"pd_5_com_0visible":true,"pd_5_com_0audio":"","pd_5_com_0sprite":"","pd_isp_6":false,"pd_rect_6":[20,450],"pd_comSize_6":1,"pd_ID_6":1,"pd_pTag_6":"","pd_sprite_6":"","pd_expand_6":false,"pd_vars6":0,"pd_6_com_0iSet":-1,"pd_6_com_0oAns":9,"pd_6_com_0oAct":-1,"pd_6_com_0text":"Enough already! Leave me alone!","pd_6_com_0extraD":"ExtraData","pd_6_com_0showmore":false,"pd_6_com_0visible":true,"pd_6_com_0audio":"","pd_6_com_0sprite":"","pd_isp_7":true,"pd_rect_7":[470,50],"pd_comSize_7":1,"pd_ID_7":7,"pd_pTag_7":"","pd_sprite_7":"","pd_expand_7":false,"pd_vars7":0,"pd_7_com_0iSet":-1,"pd_7_com_0oAns":-1,"pd_7_com_0oAct":0,"pd_7_com_0text":"Interesting...","pd_7_com_0extraD":"ExtraData","pd_7_com_0showmore":false,"pd_7_com_0visible":true,"pd_7_com_0audio":"","pd_7_com_0sprite":"","pd_isp_8":true,"pd_rect_8":[-380,90],"pd_comSize_8":1,"pd_ID_8":8,"pd_pTag_8":"","pd_sprite_8":"","pd_expand_8":true,"pd_vars8":2,"pd_var_8_0":"2,3,4,6,5,1","pd_varKey_8_0":"outCondition","pd_var_8_1":"intCount","pd_varKey_8_1":"condInfo","pd_8_com_0iSet":-1,"pd_8_com_0oAns":-1,"pd_8_com_0oAct":-1,"pd_8_com_0text":"Tell me more...","pd_8_com_0extraD":"ExtraData","pd_8_com_0showmore":false,"pd_8_com_0visible":true,"pd_8_com_0audio":"","pd_8_com_0sprite":"","pd_isp_9":true,"pd_rect_9":[480,310],"pd_comSize_9":1,"pd_ID_9":10,"pd_pTag_9":"","pd_sprite_9":"","pd_expand_9":false,"pd_vars9":0,"pd_9_com_0iSet":-1,"pd_9_com_0oAns":-1,"pd_9_com_0oAct":-1,"pd_9_com_0text":"Okay...","pd_9_com_0extraD":"ExtraData","pd_9_com_0showmore":false,"pd_9_com_0visible":true,"pd_9_com_0audio":"","pd_9_com_0sprite":"","ac_rect_0":[740,-140],"ac_ID_0":9,"ac_pause_0":false,"ac_goName_0":"[No object]","ac_nIndex_0":0,"ac_goto_0":-1,"ac_optsCount_0":1,"ac_opts_0_0":"[No method]","ac_namesCount_0":1,"ac_names_0_0":"[No object]","ac_methCount_0":0,"ac_meth_0":"[No method]","ac_paramT_0":-1,"ac_methIndex_0":0,"ac_pString_0":null,"ac_pBool_0":false,"ac_pInt_0":0,"ac_pFloat_0":0,"ac_oSet_0":-1,"ac_oAct_0":-1,"ac_ovrStartNode_0":8,"ac_renameDialogue_0":"","ac_more_0":true}