{"dID":60548,"playerDiags":3,"actionNodes":1,"startPoint":0,"loadTag":"","previewPanning":false,"autosave":true,"locEdit":false,"showSettings":true,"pd_isp_0":true,"pd_rect_0":[-1390,-600],"pd_comSize_0":4,"pd_ID_0":1,"pd_pTag_0":"","pd_sprite_0":"","pd_expand_0":true,"pd_vars0":1,"pd_var_0_0":"3","pd_varKey_0_0":"loadLang","pd_0_com_0iSet":0,"pd_0_com_0oAns":-1,"pd_0_com_0oAct":0,"pd_0_com_0text":"English","pd_0_com_0extraD":"ExtraData","pd_0_com_0showmore":false,"pd_0_com_0visible":true,"pd_0_com_0audio":"","pd_0_com_0sprite":"","pd_0_com_1iSet":0,"pd_0_com_1oAns":-1,"pd_0_com_1oAct":0,"pd_0_com_1text":"Spanish","pd_0_com_1extraD":"ExtraData","pd_0_com_1showmore":false,"pd_0_com_1visible":true,"pd_0_com_1audio":"","pd_0_com_1sprite":"","pd_0_com_2iSet":0,"pd_0_com_2oAns":-1,"pd_0_com_2oAct":0,"pd_0_com_2text":"French","pd_0_com_2extraD":"ExtraData","pd_0_com_2showmore":false,"pd_0_com_2visible":true,"pd_0_com_2audio":"","pd_0_com_2sprite":"","pd_0_com_3iSet":0,"pd_0_com_3oAns":2,"pd_0_com_3oAct":-1,"pd_0_com_3text":"I want more info...","pd_0_com_3extraD":"ExtraData","pd_0_com_3showmore":false,"pd_0_com_3visible":true,"pd_0_com_3audio":"","pd_0_com_3sprite":"","pd_isp_1":false,"pd_rect_1":[-1790,-570],"pd_comSize_1":1,"pd_ID_1":0,"pd_pTag_1":"","pd_sprite_1":"Assets/VIDE/Data/Resources/fl_english.jpg","pd_expand_1":true,"pd_vars1":1,"pd_var_1_0":"","pd_varKey_1_0":"flag","pd_1_com_0iSet":1,"pd_1_com_0oAns":0,"pd_1_com_0oAct":-1,"pd_1_com_0text":"Choose your language","pd_1_com_0extraD":"ExtraData","pd_1_com_0showmore":true,"pd_1_com_0visible":true,"pd_1_com_0audio":"Assets/VIDE/Data/Resources/English.mp3","pd_1_com_0sprite":"","pd_isp_2":false,"pd_rect_2":[-970,-370],"pd_comSize_2":5,"pd_ID_2":3,"pd_pTag_2":"ENG","pd_sprite_2":"","pd_expand_2":false,"pd_vars2":0,"pd_2_com_0iSet":2,"pd_2_com_0oAns":-1,"pd_2_com_0oAct":-1,"pd_2_com_0text":"This built-in localization system automatically handles keys for you. ","pd_2_com_0extraD":"ExtraData","pd_2_com_0showmore":false,"pd_2_com_0visible":true,"pd_2_com_0audio":"","pd_2_com_0sprite":"","pd_2_com_1iSet":2,"pd_2_com_1oAns":-1,"pd_2_com_1oAct":-1,"pd_2_com_1text":"All you have to do is fill in the nodes with the localized data.","pd_2_com_1extraD":"ExtraData","pd_2_com_1showmore":false,"pd_2_com_1visible":true,"pd_2_com_1audio":"","pd_2_com_1sprite":"","pd_2_com_2iSet":2,"pd_2_com_2oAns":-1,"pd_2_com_2oAct":-1,"pd_2_com_2text":"The default language will be loaded while in-game. ","pd_2_com_2extraD":"ExtraData","pd_2_com_2showmore":false,"pd_2_com_2visible":true,"pd_2_com_2audio":"","pd_2_com_2sprite":"","pd_2_com_3iSet":2,"pd_2_com_3oAns":-1,"pd_2_com_3oAct":-1,"pd_2_com_3text":"You can even change the language during a conversation.","pd_2_com_3extraD":"ExtraData","pd_2_com_3showmore":false,"pd_2_com_3visible":true,"pd_2_com_3audio":"","pd_2_com_3sprite":"","pd_2_com_4iSet":2,"pd_2_com_4oAns":-1,"pd_2_com_4oAct":-1,"pd_2_com_4text":"Refer to the Documentation for even more info.","pd_2_com_4extraD":"ExtraData","pd_2_com_4showmore":false,"pd_2_com_4visible":true,"pd_2_com_4audio":"","pd_2_com_4sprite":"","ac_rect_0":[-960,-580],"ac_ID_0":2,"ac_pause_0":false,"ac_goName_0":"[No object]","ac_nIndex_0":0,"ac_goto_0":-1,"ac_optsCount_0":1,"ac_opts_0_0":"[No method]","ac_namesCount_0":1,"ac_names_0_0":"[No object]","ac_methCount_0":0,"ac_meth_0":"[No method]","ac_paramT_0":-1,"ac_methIndex_0":0,"ac_pString_0":"","ac_pBool_0":false,"ac_pInt_0":0,"ac_pFloat_0":0,"ac_oSet_0":-1,"ac_oAct_0":-1,"ac_ovrStartNode_0":-1,"ac_renameDialogue_0":"","ac_more_0":true}