{"dID":81442,"playerDiags":1,"actionNodes":0,"startPoint":0,"loadTag":"","previewPanning":false,"autosave":true,"locEdit":false,"showSettings":true,"pd_isp_0":false,"pd_rect_0":[-290,-80],"pd_comSize_0":7,"pd_ID_0":0,"pd_pTag_0":"","pd_sprite_0":"","pd_expand_0":false,"pd_vars0":0,"pd_0_com_0iSet":-1,"pd_0_com_0oAns":-1,"pd_0_com_0oAct":-1,"pd_0_com_0text":"Hello?","pd_0_com_0extraD":"ExtraData","pd_0_com_0showmore":false,"pd_0_com_0visible":true,"pd_0_com_0audio":"","pd_0_com_0sprite":"","pd_0_com_1iSet":0,"pd_0_com_1oAns":-1,"pd_0_com_1oAct":-1,"pd_0_com_1text":"Are you there?","pd_0_com_1extraD":"ExtraData","pd_0_com_1showmore":false,"pd_0_com_1visible":true,"pd_0_com_1audio":"","pd_0_com_1sprite":"","pd_0_com_2iSet":0,"pd_0_com_2oAns":-1,"pd_0_com_2oAct":-1,"pd_0_com_2text":"I've been trying to reach you!","pd_0_com_2extraD":"ExtraData","pd_0_com_2showmore":false,"pd_0_com_2visible":true,"pd_0_com_2audio":"","pd_0_com_2sprite":"","pd_0_com_3iSet":0,"pd_0_com_3oAns":-1,"pd_0_com_3oAct":-1,"pd_0_com_3text":"There's something you need to know.","pd_0_com_3extraD":"ExtraData","pd_0_com_3showmore":false,"pd_0_com_3visible":true,"pd_0_com_3audio":"","pd_0_com_3sprite":"","pd_0_com_4iSet":0,"pd_0_com_4oAns":-1,"pd_0_com_4oAct":-1,"pd_0_com_4text":"But there isn't much time.","pd_0_com_4extraD":"ExtraData","pd_0_com_4showmore":false,"pd_0_com_4visible":true,"pd_0_com_4audio":"","pd_0_com_4sprite":"","pd_0_com_5iSet":0,"pd_0_com_5oAns":-1,"pd_0_com_5oAct":-1,"pd_0_com_5text":"Anyway, gotta go.","pd_0_com_5extraD":"ExtraData","pd_0_com_5showmore":false,"pd_0_com_5visible":true,"pd_0_com_5audio":"","pd_0_com_5sprite":"","pd_0_com_6iSet":0,"pd_0_com_6oAns":-1,"pd_0_com_6oAct":-1,"pd_0_com_6text":"Bye!","pd_0_com_6extraD":"ExtraData","pd_0_com_6showmore":false,"pd_0_com_6visible":true,"pd_0_com_6audio":"","pd_0_com_6sprite":""}