{"dID":50511,"playerDiags":1,"actionNodes":0,"startPoint":0,"loadTag":"","previewPanning":false,"autosave":true,"locEdit":false,"showSettings":true,"pd_isp_0":false,"pd_rect_0":[240,260],"pd_comSize_0":1,"pd_ID_0":0,"pd_pTag_0":"","pd_sprite_0":"","pd_expand_0":true,"pd_vars0":1,"pd_var_0_0":"nameLookUp","pd_varKey_0_0":"nameLookUp","pd_0_com_0iSet":-1,"pd_0_com_0oAns":-1,"pd_0_com_0oAct":-1,"pd_0_com_0text":"Looks like a [NAME].","pd_0_com_0extraD":"ExtraData","pd_0_com_0showmore":false,"pd_0_com_0visible":true,"pd_0_com_0audio":"","pd_0_com_0sprite":""}