{"dID":39326,"playerDiags":4,"actionNodes":0,"startPoint":0,"loadTag":"","previewPanning":false,"autosave":true,"locEdit":false,"showSettings":true,"pd_isp_0":false,"pd_rect_0":[-1850,-280],"pd_comSize_0":3,"pd_ID_0":0,"pd_pTag_0":"Kaylie","pd_sprite_0":"Assets/VIDE/Data/Resources/Sprites/Capsule_Normal.jpg","pd_expand_0":true,"pd_vars0":0,"pd_0_com_0iSet":-1,"pd_0_com_0oAns":1,"pd_0_com_0oAct":-1,"pd_0_com_0text":"Oh hey Intern!","pd_0_com_0extraD":"ExtraData","pd_0_com_0showmore":false,"pd_0_com_0visible":true,"pd_0_com_0audio":"","pd_0_com_0sprite":"","pd_0_com_1iSet":0,"pd_0_com_1oAns":-1,"pd_0_com_1oAct":-1,"pd_0_com_1text":"You're just in time for Riddle Day!","pd_0_com_1extraD":"ExtraData","pd_0_com_1showmore":true,"pd_0_com_1visible":true,"pd_0_com_1audio":"","pd_0_com_1sprite":"","pd_0_com_2iSet":0,"pd_0_com_2oAns":-1,"pd_0_com_2oAct":-1,"pd_0_com_2text":"I hope you're ready for some corporate mandated fun!","pd_0_com_2extraD":"ExtraData","pd_0_com_2showmore":true,"pd_0_com_2visible":true,"pd_0_com_2audio":"","pd_0_com_2sprite":"","pd_isp_1":false,"pd_rect_1":[-1420,-320],"pd_comSize_1":3,"pd_ID_1":1,"pd_pTag_1":"Kaylie","pd_sprite_1":"Assets/VIDE/Data/Resources/Sprites/Capsule_Normal.jpg","pd_expand_1":true,"pd_vars1":0,"pd_1_com_0iSet":-1,"pd_1_com_0oAns":2,"pd_1_com_0oAct":-1,"pd_1_com_0text":"Your job today is to make Mr. Sinclair his coffee.","pd_1_com_0extraD":"ExtraData","pd_1_com_0showmore":false,"pd_1_com_0visible":true,"pd_1_com_0audio":"","pd_1_com_0sprite":"","pd_1_com_1iSet":1,"pd_1_com_1oAns":-1,"pd_1_com_1oAct":-1,"pd_1_com_1text":" The beans have been hidden all over the office and you'll have to solve riddles to find them.","pd_1_com_1extraD":"ExtraData","pd_1_com_1showmore":false,"pd_1_com_1visible":true,"pd_1_com_1audio":"","pd_1_com_1sprite":"","pd_1_com_2iSet":1,"pd_1_com_2oAns":-1,"pd_1_com_2oAct":-1,"pd_1_com_2text":"I've got your first one here.","pd_1_com_2extraD":"ExtraData","pd_1_com_2showmore":false,"pd_1_com_2visible":true,"pd_1_com_2audio":"","pd_1_com_2sprite":"","pd_isp_2":false,"pd_rect_2":[-990,-350],"pd_comSize_2":4,"pd_ID_2":2,"pd_pTag_2":"Kaylie","pd_sprite_2":"Assets/VIDE/Data/Resources/Sprites/Capsule_Normal.jpg","pd_expand_2":true,"pd_vars2":0,"pd_2_com_0iSet":-1,"pd_2_com_0oAns":3,"pd_2_com_0oAct":-1,"pd_2_com_0text":"\"At break time everyone goes there","pd_2_com_0extraD":"ExtraData","pd_2_com_0showmore":false,"pd_2_com_0visible":true,"pd_2_com_0audio":"","pd_2_com_0sprite":"","pd_2_com_1iSet":2,"pd_2_com_1oAns":-1,"pd_2_com_1oAct":-1,"pd_2_com_1text":"Sound of chatter or silenced by exhaustion","pd_2_com_1extraD":"ExtraData","pd_2_com_1showmore":false,"pd_2_com_1visible":true,"pd_2_com_1audio":"","pd_2_com_1sprite":"","pd_2_com_2iSet":2,"pd_2_com_2oAns":-1,"pd_2_com_2oAct":-1,"pd_2_com_2text":"Warm up your daily nourishment\t","pd_2_com_2extraD":"ExtraData","pd_2_com_2showmore":false,"pd_2_com_2visible":true,"pd_2_com_2audio":"","pd_2_com_2sprite":"","pd_2_com_3iSet":2,"pd_2_com_3oAns":-1,"pd_2_com_3oAct":-1,"pd_2_com_3text":"Heat it up like the sun heats your face\"","pd_2_com_3extraD":"ExtraData","pd_2_com_3showmore":false,"pd_2_com_3visible":true,"pd_2_com_3audio":"","pd_2_com_3sprite":"","pd_isp_3":false,"pd_rect_3":[-580,-340],"pd_comSize_3":2,"pd_ID_3":4,"pd_pTag_3":"Kaylie","pd_sprite_3":"","pd_expand_3":false,"pd_vars3":0,"pd_3_com_0iSet":-1,"pd_3_com_0oAns":-1,"pd_3_com_0oAct":-1,"pd_3_com_0text":"Once you solve this one, which I know you will in a snap!, I bet Damon will need help with his.","pd_3_com_0extraD":"ExtraData","pd_3_com_0showmore":false,"pd_3_com_0visible":true,"pd_3_com_0audio":"","pd_3_com_0sprite":"","pd_3_com_1iSet":3,"pd_3_com_1oAns":-1,"pd_3_com_1oAct":-1,"pd_3_com_1text":"Have fun!","pd_3_com_1extraD":"ExtraData","pd_3_com_1showmore":false,"pd_3_com_1visible":true,"pd_3_com_1audio":"","pd_3_com_1sprite":""}