{"dID":2066,"playerDiags":1,"actionNodes":0,"startPoint":0,"loadTag":"","previewPanning":false,"autosave":true,"locEdit":false,"showSettings":true,"pd_isp_0":false,"pd_rect_0":[-2170,-160],"pd_comSize_0":2,"pd_ID_0":0,"pd_pTag_0":"Mr Sinclair","pd_sprite_0":"Assets/VIDE/Data/Resources/Sprites/Capsule_Angry.jpg","pd_expand_0":true,"pd_vars0":0,"pd_0_com_0iSet":-1,"pd_0_com_0oAns":-1,"pd_0_com_0oAct":-1,"pd_0_com_0text":"What are you doing? Get back to work!","pd_0_com_0extraD":"ExtraData","pd_0_com_0showmore":false,"pd_0_com_0visible":true,"pd_0_com_0audio":"","pd_0_com_0sprite":"","pd_0_com_1iSet":0,"pd_0_com_1oAns":-1,"pd_0_com_1oAct":-1,"pd_0_com_1text":"Stop wasting time","pd_0_com_1extraD":"ExtraData","pd_0_com_1showmore":true,"pd_0_com_1visible":true,"pd_0_com_1audio":"","pd_0_com_1sprite":""}