{"dID":82073,"playerDiags":2,"actionNodes":0,"startPoint":0,"loadTag":"","previewPanning":false,"autosave":true,"locEdit":false,"showSettings":true,"pd_isp_0":false,"pd_rect_0":[40,-320],"pd_comSize_0":4,"pd_ID_0":0,"pd_pTag_0":"Pending","pd_sprite_0":"","pd_expand_0":false,"pd_vars0":0,"pd_0_com_0iSet":-1,"pd_0_com_0oAns":-1,"pd_0_com_0oAct":-1,"pd_0_com_0text":"Talk to everyone","pd_0_com_0extraD":"ExtraData","pd_0_com_0showmore":false,"pd_0_com_0visible":true,"pd_0_com_0audio":"","pd_0_com_0sprite":"","pd_0_com_1iSet":0,"pd_0_com_1oAns":-1,"pd_0_com_1oAct":-1,"pd_0_com_1text":"Listen to CylinderGuy","pd_0_com_1extraD":"ExtraData","pd_0_com_1showmore":false,"pd_0_com_1visible":true,"pd_0_com_1audio":"","pd_0_com_1sprite":"","pd_0_com_2iSet":0,"pd_0_com_2oAns":-1,"pd_0_com_2oAct":-1,"pd_0_com_2text":"Get all items from Crazy Cap","pd_0_com_2extraD":"ExtraData","pd_0_com_2showmore":false,"pd_0_com_2visible":true,"pd_0_com_2audio":"","pd_0_com_2sprite":"","pd_0_com_3iSet":0,"pd_0_com_3oAns":-1,"pd_0_com_3oAct":-1,"pd_0_com_3text":"Threaten Charlie","pd_0_com_3extraD":"ExtraData","pd_0_com_3showmore":false,"pd_0_com_3visible":true,"pd_0_com_3audio":"","pd_0_com_3sprite":"","pd_isp_1":false,"pd_rect_1":[40,-130],"pd_comSize_1":4,"pd_ID_1":1,"pd_pTag_1":"Overview","pd_sprite_1":"","pd_expand_1":true,"pd_vars1":1,"pd_var_1_0":"","pd_varKey_1_0":"complete","pd_1_com_0iSet":-1,"pd_1_com_0oAns":-1,"pd_1_com_0oAct":-1,"pd_1_com_0text":"Talk to everyone","pd_1_com_0extraD":"ExtraData","pd_1_com_0showmore":false,"pd_1_com_0visible":true,"pd_1_com_0audio":"","pd_1_com_0sprite":"","pd_1_com_1iSet":1,"pd_1_com_1oAns":-1,"pd_1_com_1oAct":-1,"pd_1_com_1text":"Listen to CylinderGuy","pd_1_com_1extraD":"ExtraData","pd_1_com_1showmore":false,"pd_1_com_1visible":true,"pd_1_com_1audio":"","pd_1_com_1sprite":"","pd_1_com_2iSet":1,"pd_1_com_2oAns":-1,"pd_1_com_2oAct":-1,"pd_1_com_2text":"Get all items from Crazy Cap","pd_1_com_2extraD":"ExtraData","pd_1_com_2showmore":false,"pd_1_com_2visible":true,"pd_1_com_2audio":"","pd_1_com_2sprite":"","pd_1_com_3iSet":1,"pd_1_com_3oAns":-1,"pd_1_com_3oAct":-1,"pd_1_com_3text":"Threaten Charlie","pd_1_com_3extraD":"ExtraData","pd_1_com_3showmore":false,"pd_1_com_3visible":true,"pd_1_com_3audio":"","pd_1_com_3sprite":""}