{"dID":92697,"playerDiags":7,"actionNodes":0,"startPoint":5,"loadTag":"","previewPanning":false,"autosave":true,"locEdit":false,"showSettings":true,"pd_isp_0":true,"pd_rect_0":[90,190],"pd_comSize_0":2,"pd_ID_0":0,"pd_pTag_0":"","pd_sprite_0":"","pd_expand_0":false,"pd_vars0":0,"pd_0_com_0iSet":0,"pd_0_com_0oAns":6,"pd_0_com_0oAct":-1,"pd_0_com_0text":"Wow!","pd_0_com_0extraD":"ExtraData","pd_0_com_0showmore":false,"pd_0_com_0visible":true,"pd_0_com_0audio":"","pd_0_com_0sprite":"","pd_0_com_1iSet":0,"pd_0_com_1oAns":2,"pd_0_com_1oAct":-1,"pd_0_com_1text":"Why so lonely?","pd_0_com_1extraD":"ExtraData","pd_0_com_1showmore":false,"pd_0_com_1visible":true,"pd_0_com_1audio":"","pd_0_com_1sprite":"","pd_isp_1":true,"pd_rect_1":[1030,60],"pd_comSize_1":1,"pd_ID_1":2,"pd_pTag_1":"","pd_sprite_1":"","pd_expand_1":false,"pd_vars1":0,"pd_1_com_0iSet":1,"pd_1_com_0oAns":-1,"pd_1_com_0oAct":-1,"pd_1_com_0text":"Okay...","pd_1_com_0extraD":"ExtraData","pd_1_com_0showmore":false,"pd_1_com_0visible":true,"pd_1_com_0audio":"","pd_1_com_0sprite":"","pd_isp_2":false,"pd_rect_2":[350,460],"pd_comSize_2":1,"pd_ID_2":3,"pd_pTag_2":"","pd_sprite_2":"","pd_expand_2":false,"pd_vars2":0,"pd_2_com_0iSet":2,"pd_2_com_0oAns":3,"pd_2_com_0oAct":-1,"pd_2_com_0text":"Did you just assume my closeness with the others?","pd_2_com_0extraD":"ExtraData","pd_2_com_0showmore":true,"pd_2_com_0visible":true,"pd_2_com_0audio":"","pd_2_com_0sprite":"Assets/VIDE/Data/Resources/Sprites/Capsule_Angry.jpg","pd_isp_3":true,"pd_rect_3":[770,470],"pd_comSize_3":2,"pd_ID_3":4,"pd_pTag_3":"","pd_sprite_3":"","pd_expand_3":false,"pd_vars3":0,"pd_3_com_0iSet":3,"pd_3_com_0oAns":1,"pd_3_com_0oAct":-1,"pd_3_com_0text":"N-no...","pd_3_com_0extraD":"ExtraData","pd_3_com_0showmore":false,"pd_3_com_0visible":true,"pd_3_com_0audio":"","pd_3_com_0sprite":"","pd_3_com_1iSet":3,"pd_3_com_1oAns":5,"pd_3_com_1oAct":-1,"pd_3_com_1text":"YES.","pd_3_com_1extraD":"ExtraData","pd_3_com_1showmore":false,"pd_3_com_1visible":true,"pd_3_com_1audio":"","pd_3_com_1sprite":"","pd_isp_4":false,"pd_rect_4":[-340,60],"pd_comSize_4":1,"pd_ID_4":5,"pd_pTag_4":"","pd_sprite_4":"","pd_expand_4":false,"pd_vars4":0,"pd_4_com_0iSet":4,"pd_4_com_0oAns":0,"pd_4_com_0oAct":-1,"pd_4_com_0text":"You have entered my trigger area!","pd_4_com_0extraD":"ExtraData","pd_4_com_0showmore":false,"pd_4_com_0visible":true,"pd_4_com_0audio":"","pd_4_com_0sprite":"","pd_isp_5":false,"pd_rect_5":[1200,510],"pd_comSize_5":1,"pd_ID_5":6,"pd_pTag_5":"","pd_sprite_5":"","pd_expand_5":false,"pd_vars5":0,"pd_5_com_0iSet":5,"pd_5_com_0oAns":1,"pd_5_com_0oAct":-1,"pd_5_com_0text":"*TRIGGERED*","pd_5_com_0extraD":"ExtraData","pd_5_com_0showmore":true,"pd_5_com_0visible":true,"pd_5_com_0audio":"","pd_5_com_0sprite":"Assets/VIDE/Data/Resources/Sprites/Capsule_Wowed.jpg","pd_isp_6":false,"pd_rect_6":[560,140],"pd_comSize_6":3,"pd_ID_6":1,"pd_pTag_6":"","pd_sprite_6":"Assets/VIDE/Data/Resources/Sprites/Capsule_Angry.jpg","pd_expand_6":true,"pd_vars6":1,"pd_var_6_0":"2","pd_varKey_6_0":"sprite","pd_6_com_0iSet":-1,"pd_6_com_0oAns":1,"pd_6_com_0oAct":-1,"pd_6_com_0text":"Yes!","pd_6_com_0extraD":"ExtraData","pd_6_com_0showmore":false,"pd_6_com_0visible":true,"pd_6_com_0audio":"","pd_6_com_0sprite":"","pd_6_com_1iSet":6,"pd_6_com_1oAns":-1,"pd_6_com_1oAct":-1,"pd_6_com_1text":"Now I be, like, ","pd_6_com_1extraD":"ExtraData","pd_6_com_1showmore":false,"pd_6_com_1visible":true,"pd_6_com_1audio":"","pd_6_com_1sprite":"","pd_6_com_2iSet":6,"pd_6_com_2oAns":-1,"pd_6_com_2oAct":-1,"pd_6_com_2text":"*TRIGGERED*","pd_6_com_2extraD":"ExtraData","pd_6_com_2showmore":true,"pd_6_com_2visible":true,"pd_6_com_2audio":"","pd_6_com_2sprite":"Assets/VIDE/Data/Resources/Sprites/Capsule_Angry.jpg"}