﻿{"cameraMode":{"drawMode":0,"name":"Shaded","section":"Shading Mode"},"sceneLighting":true,"audioPlay":false,"sceneViewState":{"showFog":true,"showMaterialUpdate":false,"showSkybox":true,"showFlares":true,"showImageEffects":true,"showParticleSystems":true},"in2DMode":false,"pivot":{"x":5.627524375915527,"y":1.8390638828277588,"z":6.917057037353516},"rotation":{"x":0.43900737166404726,"y":0.032328665256500247,"z":-0.01581205241382122,"w":0.8977624773979187},"size":7.099282264709473,"orthographic":false}