﻿{"cameraMode":{"drawMode":0,"name":"Shaded","section":"Shading Mode"},"sceneLighting":true,"audioPlay":false,"sceneViewState":{"showFog":true,"showMaterialUpdate":false,"showSkybox":true,"showFlares":true,"showImageEffects":true,"showParticleSystems":true},"in2DMode":false,"pivot":{"x":807.7021484375,"y":333.71246337890627,"z":30.503662109375},"rotation":{"x":0.11701220273971558,"y":-0.022348815575242044,"z":0.0026309164240956308,"w":0.9928755164146423},"size":940.930908203125,"orthographic":false}