{"English_playerDiags":3,"English_pd_pTag_0":"","English_pd_comSize_0":4,"English_pd_sprite_0":"","English_pd_0_com_0text":"English","English_pd_0_com_0audio":"","English_pd_0_com_0sprite":"","English_pd_0_com_1text":"Spanish","English_pd_0_com_1audio":"","English_pd_0_com_1sprite":"","English_pd_0_com_2text":"French","English_pd_0_com_2audio":"","English_pd_0_com_2sprite":"","English_pd_0_com_3text":"I want more info...","English_pd_0_com_3audio":"","English_pd_0_com_3sprite":"","English_pd_pTag_1":"","English_pd_comSize_1":1,"English_pd_sprite_1":"Assets/VIDE/Data/Resources/fl_english.jpg","English_pd_1_com_0text":"Choose your language","English_pd_1_com_0audio":"Assets/VIDE/Data/Resources/English.mp3","English_pd_1_com_0sprite":"","English_pd_pTag_2":"ENG","English_pd_comSize_2":5,"English_pd_sprite_2":"","English_pd_2_com_0text":"This built-in localization system automatically handles keys for you. ","English_pd_2_com_0audio":"","English_pd_2_com_0sprite":"","English_pd_2_com_1text":"All you have to do is fill in the nodes with the localized data.","English_pd_2_com_1audio":"","English_pd_2_com_1sprite":"","English_pd_2_com_2text":"The default language will be loaded while in-game. ","English_pd_2_com_2audio":"","English_pd_2_com_2sprite":"","English_pd_2_com_3text":"You can even change the language during a conversation.","English_pd_2_com_3audio":"","English_pd_2_com_3sprite":"","English_pd_2_com_4text":"Refer to the Documentation for even more info.","English_pd_2_com_4audio":"","English_pd_2_com_4sprite":"","Spanish_playerDiags":3,"Spanish_pd_pTag_0":"","Spanish_pd_comSize_0":4,"Spanish_pd_sprite_0":"","Spanish_pd_0_com_0text":"Ingl\u00e9s","Spanish_pd_0_com_0audio":"","Spanish_pd_0_com_0sprite":"","Spanish_pd_0_com_1text":"Espa\u00f1ol","Spanish_pd_0_com_1audio":"","Spanish_pd_0_com_1sprite":"","Spanish_pd_0_com_2text":"Franc\u00e9s","Spanish_pd_0_com_2audio":"","Spanish_pd_0_com_2sprite":"","Spanish_pd_0_com_3text":"Quiero m\u00e1s informaci\u00f3n...","Spanish_pd_0_com_3audio":"","Spanish_pd_0_com_3sprite":"","Spanish_pd_pTag_1":"","Spanish_pd_comSize_1":1,"Spanish_pd_sprite_1":"Assets/VIDE/Data/Resources/fl_spanish.jpg","Spanish_pd_1_com_0text":"Selecciona tu idioma","Spanish_pd_1_com_0audio":"Assets/VIDE/Data/Resources/Spanish.mp3","Spanish_pd_1_com_0sprite":"","Spanish_pd_pTag_2":"SPA","Spanish_pd_comSize_2":5,"Spanish_pd_sprite_2":"","Spanish_pd_2_com_0text":"Este sistema de localizaci\u00f3n integrado maneja las llaves autom\u00e1ticamente.","Spanish_pd_2_com_0audio":"","Spanish_pd_2_com_0sprite":"","Spanish_pd_2_com_1text":"Todo lo que necesitas hacer es llenar los nodos con la informaci\u00f3n localizada.","Spanish_pd_2_com_1audio":"","Spanish_pd_2_com_1sprite":"","Spanish_pd_2_com_2text":"El idioma predeterminado ser\u00e1 el que se cargue primero dentro del juego.","Spanish_pd_2_com_2audio":"","Spanish_pd_2_com_2sprite":"","Spanish_pd_2_com_3text":"Puedes hasta cambiar el idioma durante una conversaci\u00f3n.","Spanish_pd_2_com_3audio":"","Spanish_pd_2_com_3sprite":"","Spanish_pd_2_com_4text":"Revisa la documentaci\u00f3n para obtener a\u00fan m\u00e1s informaci\u00f3n.","Spanish_pd_2_com_4audio":"","Spanish_pd_2_com_4sprite":"","French_playerDiags":3,"French_pd_pTag_0":"","French_pd_comSize_0":4,"French_pd_sprite_0":"","French_pd_0_com_0text":"Anglais","French_pd_0_com_0audio":"","French_pd_0_com_0sprite":"","French_pd_0_com_1text":"Espanol","French_pd_0_com_1audio":"","French_pd_0_com_1sprite":"","French_pd_0_com_2text":"Fran\u00e7ais","French_pd_0_com_2audio":"","French_pd_0_com_2sprite":"","French_pd_0_com_3text":"Je veux plus d'informations ...","French_pd_0_com_3audio":"","French_pd_0_com_3sprite":"","French_pd_pTag_1":"","French_pd_comSize_1":1,"French_pd_sprite_1":"Assets/VIDE/Data/Resources/fl_french.jpg","French_pd_1_com_0text":"Choisissez votre langue","French_pd_1_com_0audio":"Assets/VIDE/Data/Resources/French.mp3","French_pd_1_com_0sprite":"","French_pd_pTag_2":"FRE","French_pd_comSize_2":5,"French_pd_sprite_2":"","French_pd_2_com_0text":"Ce syst\u00e8me de localisation int\u00e9gr\u00e9 g\u00e8re automatiquement les cl\u00e9s pour vous.","French_pd_2_com_0audio":"","French_pd_2_com_0sprite":"","French_pd_2_com_1text":"Tout ce que vous avez \u00e0 faire est de remplir les n\u0153uds avec les donn\u00e9es localis\u00e9es.","French_pd_2_com_1audio":"","French_pd_2_com_1sprite":"","French_pd_2_com_2text":"La langue par d\u00e9faut sera charg\u00e9e pendant le jeu.","French_pd_2_com_2audio":"","French_pd_2_com_2sprite":"","French_pd_2_com_3text":"Vous pouvez m\u00eame changer la langue pendant une conversation.","French_pd_2_com_3audio":"","French_pd_2_com_3sprite":"","French_pd_2_com_4text":"Reportez-vous \u00e0 la documentation pour encore plus d'informations.","French_pd_2_com_4audio":"","French_pd_2_com_4sprite":""}