{"dID":19185,"playerDiags":5,"actionNodes":0,"startPoint":0,"loadTag":"","previewPanning":false,"autosave":true,"locEdit":false,"showSettings":true,"pd_isp_0":false,"pd_rect_0":[70,160],"pd_comSize_0":3,"pd_ID_0":0,"pd_pTag_0":"","pd_sprite_0":"","pd_expand_0":false,"pd_vars0":0,"pd_0_com_0iSet":-1,"pd_0_com_0oAns":1,"pd_0_com_0oAct":-1,"pd_0_com_0text":"Once upon a time...","pd_0_com_0extraD":"ExtraData","pd_0_com_0showmore":false,"pd_0_com_0visible":true,"pd_0_com_0audio":"","pd_0_com_0sprite":"","pd_0_com_1iSet":0,"pd_0_com_1oAns":-1,"pd_0_com_1oAct":-1,"pd_0_com_1text":"In a land far away","pd_0_com_1extraD":"ExtraData","pd_0_com_1showmore":false,"pd_0_com_1visible":true,"pd_0_com_1audio":"","pd_0_com_1sprite":"","pd_0_com_2iSet":0,"pd_0_com_2oAns":-1,"pd_0_com_2oAct":-1,"pd_0_com_2text":"Something happened!","pd_0_com_2extraD":"ExtraData","pd_0_com_2showmore":false,"pd_0_com_2visible":true,"pd_0_com_2audio":"","pd_0_com_2sprite":"","pd_isp_1":true,"pd_rect_1":[490,210],"pd_comSize_1":3,"pd_ID_1":1,"pd_pTag_1":"","pd_sprite_1":"","pd_expand_1":false,"pd_vars1":0,"pd_1_com_0iSet":-1,"pd_1_com_0oAns":3,"pd_1_com_0oAct":-1,"pd_1_com_0text":"No Way!","pd_1_com_0extraD":"ExtraData","pd_1_com_0showmore":false,"pd_1_com_0visible":true,"pd_1_com_0audio":"","pd_1_com_0sprite":"","pd_1_com_1iSet":1,"pd_1_com_1oAns":2,"pd_1_com_1oAct":-1,"pd_1_com_1text":"What happened?","pd_1_com_1extraD":"ExtraData","pd_1_com_1showmore":false,"pd_1_com_1visible":true,"pd_1_com_1audio":"","pd_1_com_1sprite":"","pd_1_com_2iSet":1,"pd_1_com_2oAns":4,"pd_1_com_2oAct":-1,"pd_1_com_2text":"Laaaame...","pd_1_com_2extraD":"ExtraData","pd_1_com_2showmore":false,"pd_1_com_2visible":true,"pd_1_com_2audio":"","pd_1_com_2sprite":"","pd_isp_2":false,"pd_rect_2":[960,260],"pd_comSize_2":2,"pd_ID_2":2,"pd_pTag_2":"","pd_sprite_2":"","pd_expand_2":false,"pd_vars2":0,"pd_2_com_0iSet":-1,"pd_2_com_0oAns":-1,"pd_2_com_0oAct":-1,"pd_2_com_0text":"A terrible thing happened!","pd_2_com_0extraD":"ExtraData","pd_2_com_0showmore":false,"pd_2_com_0visible":true,"pd_2_com_0audio":"","pd_2_com_0sprite":"","pd_2_com_1iSet":2,"pd_2_com_1oAns":-1,"pd_2_com_1oAct":-1,"pd_2_com_1text":"The end.","pd_2_com_1extraD":"ExtraData","pd_2_com_1showmore":false,"pd_2_com_1visible":true,"pd_2_com_1audio":"","pd_2_com_1sprite":"","pd_isp_3":false,"pd_rect_3":[950,50],"pd_comSize_3":4,"pd_ID_3":3,"pd_pTag_3":"","pd_sprite_3":"","pd_expand_3":false,"pd_vars3":0,"pd_3_com_0iSet":-1,"pd_3_com_0oAns":-1,"pd_3_com_0oAct":-1,"pd_3_com_0text":"Yes way!","pd_3_com_0extraD":"ExtraData","pd_3_com_0showmore":false,"pd_3_com_0visible":true,"pd_3_com_0audio":"","pd_3_com_0sprite":"","pd_3_com_1iSet":3,"pd_3_com_1oAns":-1,"pd_3_com_1oAct":-1,"pd_3_com_1text":"Those were the dark times","pd_3_com_1extraD":"ExtraData","pd_3_com_1showmore":false,"pd_3_com_1visible":true,"pd_3_com_1audio":"","pd_3_com_1sprite":"","pd_3_com_2iSet":3,"pd_3_com_2oAns":-1,"pd_3_com_2oAct":-1,"pd_3_com_2text":"As dark as this background","pd_3_com_2extraD":"ExtraData","pd_3_com_2showmore":false,"pd_3_com_2visible":true,"pd_3_com_2audio":"","pd_3_com_2sprite":"","pd_3_com_3iSet":3,"pd_3_com_3oAns":-1,"pd_3_com_3oAct":-1,"pd_3_com_3text":"End of story.","pd_3_com_3extraD":"ExtraData","pd_3_com_3showmore":false,"pd_3_com_3visible":true,"pd_3_com_3audio":"","pd_3_com_3sprite":"","pd_isp_4":false,"pd_rect_4":[940,440],"pd_comSize_4":3,"pd_ID_4":4,"pd_pTag_4":"","pd_sprite_4":"","pd_expand_4":false,"pd_vars4":0,"pd_4_com_0iSet":-1,"pd_4_com_0oAns":-1,"pd_4_com_0oAct":-1,"pd_4_com_0text":"Not lame!","pd_4_com_0extraD":"ExtraData","pd_4_com_0showmore":false,"pd_4_com_0visible":true,"pd_4_com_0audio":"","pd_4_com_0sprite":"","pd_4_com_1iSet":4,"pd_4_com_1oAns":-1,"pd_4_com_1oAct":-1,"pd_4_com_1text":"It was a tragedy...","pd_4_com_1extraD":"ExtraData","pd_4_com_1showmore":false,"pd_4_com_1visible":true,"pd_4_com_1audio":"","pd_4_com_1sprite":"","pd_4_com_2iSet":4,"pd_4_com_2oAns":-1,"pd_4_com_2oAct":-1,"pd_4_com_2text":"That's about it.","pd_4_com_2extraD":"ExtraData","pd_4_com_2showmore":false,"pd_4_com_2visible":true,"pd_4_com_2audio":"","pd_4_com_2sprite":""}