{"db.currentDiagEdited":0,"db.curSkin":0,"colors":"colors","Skin_0pNodeColor":"868BA3","Skin_0pNodeColor2":"EEEFF9","Skin_0nNodeColor":"8E9793","Skin_0nNodeColor2":"E6FBF5","Skin_0aNodeColor":"A5A298","Skin_0aNodeColor2":"F0F0F0","Skin_0back":"2E2E2E","Skin_0grid":"3F3F3F","Skin_0connectors":"FFFFFF","Skin_0pText":"000000","Skin_0nText":"000000","Skin_0aText":"141414","Skin_0pText2":"000000","Skin_0nText2":"000000","Skin_0aText2":"1A1A1A","Skin_1pNodeColor":"456776","Skin_1pNodeColor2":"97B3C0","Skin_1nNodeColor":"524539","Skin_1nNodeColor2":"867263","Skin_1aNodeColor":"4F5E3F","Skin_1aNodeColor2":"8F9D70","Skin_1back":"343534","Skin_1grid":"252421","Skin_1connectors":"9A8A60","Skin_1pText":"102039","Skin_1nText":"1E1805","Skin_1aText":"0D290B","Skin_1pText2":"B9D5E7","Skin_1nText2":"9F8370","Skin_1aText2":"1A1613","Skin_2pNodeColor":"7BA6A5","Skin_2pNodeColor2":"89BBC0","Skin_2nNodeColor":"7E8EA7","Skin_2nNodeColor2":"A2AFCB","Skin_2aNodeColor":"6E9576","Skin_2aNodeColor2":"91B997","Skin_2back":"8FA1A7","Skin_2grid":"9ABAB8","Skin_2connectors":"94FFDC","Skin_2pText":"FFFFFF","Skin_2nText":"F7F8F7","Skin_2aText":"FFFFFF","Skin_2pText2":"C6E4E1","Skin_2nText2":"B5C4E7","Skin_2aText2":"91DEC8","Skin_3pNodeColor":"474847","Skin_3pNodeColor2":"869291","Skin_3nNodeColor":"4A494A","Skin_3nNodeColor2":"898A7B","Skin_3aNodeColor":"4A494A","Skin_3aNodeColor2":"979297","Skin_3back":"000000","Skin_3grid":"1B4844","Skin_3connectors":"FFFECB","Skin_3pText":"E9FFFD","Skin_3nText":"FDFEDE","Skin_3aText":"FFDFF7","Skin_3pText2":"ADF8FF","Skin_3nText2":"EFFF00","Skin_3aText2":"E6D2DB","Skin_4pNodeColor":"A5C5B5","Skin_4pNodeColor2":"346455","Skin_4nNodeColor":"9C8276","Skin_4nNodeColor2":"634135","Skin_4aNodeColor":"C09FC8","Skin_4aNodeColor2":"4F345A","Skin_4back":"44463F","Skin_4grid":"5E5B52","Skin_4connectors":"C8CCBB","Skin_4pText":"FFFFFF","Skin_4nText":"FFFFFF","Skin_4aText":"C09FC8","Skin_4pText2":"FFFFFF","Skin_4nText2":"E7D7C6","Skin_4aText2":"F9F9F9","Skin_5pNodeColor":"A9A8A9","Skin_5pNodeColor2":"161B37","Skin_5nNodeColor":"A9AAA9","Skin_5nNodeColor2":"372318","Skin_5aNodeColor":"A9AAA9","Skin_5aNodeColor2":"213816","Skin_5back":"232329","Skin_5grid":"5D4426","Skin_5connectors":"FD800D","Skin_5pText":"FDC6A5","Skin_5nText":"ADC894","Skin_5aText":"D3D4FD","Skin_5pText2":"000434","Skin_5nText2":"210F00","Skin_5aText2":"383838"}